--
-- PostgreSQL database dump
--

-- Dumped from database version 13.16 (Debian 13.16-1.pgdg120+1)
-- Dumped by pg_dump version 14.13 (Ubuntu 14.13-0ubuntu0.22.04.1)

SET statement_timeout = 0;
SET lock_timeout = 0;
SET idle_in_transaction_session_timeout = 0;
SET client_encoding = 'UTF8';
SET standard_conforming_strings = on;
SELECT pg_catalog.set_config('search_path', '', false);
SET check_function_bodies = false;
SET xmloption = content;
SET client_min_messages = warning;
SET row_security = off;

SET default_tablespace = '';

SET default_table_access_method = heap;

--
-- Name: auth_group; Type: TABLE; Schema: public; Owner: danyil
--

CREATE TABLE public.auth_group (
    id integer NOT NULL,
    name character varying(150) NOT NULL
);


ALTER TABLE public.auth_group OWNER TO danyil;

--
-- Name: auth_group_id_seq; Type: SEQUENCE; Schema: public; Owner: danyil
--

ALTER TABLE public.auth_group ALTER COLUMN id ADD GENERATED BY DEFAULT AS IDENTITY (
    SEQUENCE NAME public.auth_group_id_seq
    START WITH 1
    INCREMENT BY 1
    NO MINVALUE
    NO MAXVALUE
    CACHE 1
);


--
-- Name: auth_group_permissions; Type: TABLE; Schema: public; Owner: danyil
--

CREATE TABLE public.auth_group_permissions (
    id bigint NOT NULL,
    group_id integer NOT NULL,
    permission_id integer NOT NULL
);


ALTER TABLE public.auth_group_permissions OWNER TO danyil;

--
-- Name: auth_group_permissions_id_seq; Type: SEQUENCE; Schema: public; Owner: danyil
--

ALTER TABLE public.auth_group_permissions ALTER COLUMN id ADD GENERATED BY DEFAULT AS IDENTITY (
    SEQUENCE NAME public.auth_group_permissions_id_seq
    START WITH 1
    INCREMENT BY 1
    NO MINVALUE
    NO MAXVALUE
    CACHE 1
);


--
-- Name: auth_permission; Type: TABLE; Schema: public; Owner: danyil
--

CREATE TABLE public.auth_permission (
    id integer NOT NULL,
    name character varying(255) NOT NULL,
    content_type_id integer NOT NULL,
    codename character varying(100) NOT NULL
);


ALTER TABLE public.auth_permission OWNER TO danyil;

--
-- Name: auth_permission_id_seq; Type: SEQUENCE; Schema: public; Owner: danyil
--

ALTER TABLE public.auth_permission ALTER COLUMN id ADD GENERATED BY DEFAULT AS IDENTITY (
    SEQUENCE NAME public.auth_permission_id_seq
    START WITH 1
    INCREMENT BY 1
    NO MINVALUE
    NO MAXVALUE
    CACHE 1
);


--
-- Name: auth_user; Type: TABLE; Schema: public; Owner: danyil
--

CREATE TABLE public.auth_user (
    id integer NOT NULL,
    password character varying(128) NOT NULL,
    last_login timestamp with time zone,
    is_superuser boolean NOT NULL,
    username character varying(150) NOT NULL,
    first_name character varying(150) NOT NULL,
    last_name character varying(150) NOT NULL,
    email character varying(254) NOT NULL,
    is_staff boolean NOT NULL,
    is_active boolean NOT NULL,
    date_joined timestamp with time zone NOT NULL
);


ALTER TABLE public.auth_user OWNER TO danyil;

--
-- Name: auth_user_groups; Type: TABLE; Schema: public; Owner: danyil
--

CREATE TABLE public.auth_user_groups (
    id bigint NOT NULL,
    user_id integer NOT NULL,
    group_id integer NOT NULL
);


ALTER TABLE public.auth_user_groups OWNER TO danyil;

--
-- Name: auth_user_groups_id_seq; Type: SEQUENCE; Schema: public; Owner: danyil
--

ALTER TABLE public.auth_user_groups ALTER COLUMN id ADD GENERATED BY DEFAULT AS IDENTITY (
    SEQUENCE NAME public.auth_user_groups_id_seq
    START WITH 1
    INCREMENT BY 1
    NO MINVALUE
    NO MAXVALUE
    CACHE 1
);


--
-- Name: auth_user_id_seq; Type: SEQUENCE; Schema: public; Owner: danyil
--

ALTER TABLE public.auth_user ALTER COLUMN id ADD GENERATED BY DEFAULT AS IDENTITY (
    SEQUENCE NAME public.auth_user_id_seq
    START WITH 1
    INCREMENT BY 1
    NO MINVALUE
    NO MAXVALUE
    CACHE 1
);


--
-- Name: auth_user_user_permissions; Type: TABLE; Schema: public; Owner: danyil
--

CREATE TABLE public.auth_user_user_permissions (
    id bigint NOT NULL,
    user_id integer NOT NULL,
    permission_id integer NOT NULL
);


ALTER TABLE public.auth_user_user_permissions OWNER TO danyil;

--
-- Name: auth_user_user_permissions_id_seq; Type: SEQUENCE; Schema: public; Owner: danyil
--

ALTER TABLE public.auth_user_user_permissions ALTER COLUMN id ADD GENERATED BY DEFAULT AS IDENTITY (
    SEQUENCE NAME public.auth_user_user_permissions_id_seq
    START WITH 1
    INCREMENT BY 1
    NO MINVALUE
    NO MAXVALUE
    CACHE 1
);


--
-- Name: coins_box; Type: TABLE; Schema: public; Owner: danyil
--

CREATE TABLE public.coins_box (
    id bigint NOT NULL,
    name character varying(100) NOT NULL
);


ALTER TABLE public.coins_box OWNER TO danyil;

--
-- Name: coins_box_id_seq; Type: SEQUENCE; Schema: public; Owner: danyil
--

ALTER TABLE public.coins_box ALTER COLUMN id ADD GENERATED BY DEFAULT AS IDENTITY (
    SEQUENCE NAME public.coins_box_id_seq
    START WITH 1
    INCREMENT BY 1
    NO MINVALUE
    NO MAXVALUE
    CACHE 1
);


--
-- Name: coins_coin; Type: TABLE; Schema: public; Owner: danyil
--

CREATE TABLE public.coins_coin (
    id bigint NOT NULL,
    img_front character varying(100) NOT NULL,
    img_back character varying(100) NOT NULL,
    img_add_1 character varying(100) NOT NULL,
    img_add_2 character varying(100) NOT NULL,
    denomination character varying(150) NOT NULL,
    year integer NOT NULL,
    material character varying(15) NOT NULL,
    safety character varying(2) NOT NULL,
    weight double precision,
    diameter double precision,
    thickness double precision,
    circulation integer,
    status character varying(1) NOT NULL,
    views_counter integer NOT NULL,
    box_id bigint,
    owner_id integer NOT NULL,
    country_id bigint NOT NULL
);


ALTER TABLE public.coins_coin OWNER TO danyil;

--
-- Name: coins_coin_id_seq; Type: SEQUENCE; Schema: public; Owner: danyil
--

ALTER TABLE public.coins_coin ALTER COLUMN id ADD GENERATED BY DEFAULT AS IDENTITY (
    SEQUENCE NAME public.coins_coin_id_seq
    START WITH 1
    INCREMENT BY 1
    NO MINVALUE
    NO MAXVALUE
    CACHE 1
);


--
-- Name: coins_continent; Type: TABLE; Schema: public; Owner: danyil
--

CREATE TABLE public.coins_continent (
    id bigint NOT NULL,
    name character varying(150) NOT NULL
);


ALTER TABLE public.coins_continent OWNER TO danyil;

--
-- Name: coins_continent_id_seq; Type: SEQUENCE; Schema: public; Owner: danyil
--

ALTER TABLE public.coins_continent ALTER COLUMN id ADD GENERATED BY DEFAULT AS IDENTITY (
    SEQUENCE NAME public.coins_continent_id_seq
    START WITH 1
    INCREMENT BY 1
    NO MINVALUE
    NO MAXVALUE
    CACHE 1
);


--
-- Name: coins_country; Type: TABLE; Schema: public; Owner: danyil
--

CREATE TABLE public.coins_country (
    id bigint NOT NULL,
    name character varying(150) NOT NULL,
    continent_id bigint NOT NULL
);


ALTER TABLE public.coins_country OWNER TO danyil;

--
-- Name: coins_country_id_seq; Type: SEQUENCE; Schema: public; Owner: danyil
--

ALTER TABLE public.coins_country ALTER COLUMN id ADD GENERATED BY DEFAULT AS IDENTITY (
    SEQUENCE NAME public.coins_country_id_seq
    START WITH 1
    INCREMENT BY 1
    NO MINVALUE
    NO MAXVALUE
    CACHE 1
);


--
-- Name: coins_message; Type: TABLE; Schema: public; Owner: danyil
--

CREATE TABLE public.coins_message (
    id bigint NOT NULL,
    text text NOT NULL,
    created timestamp with time zone NOT NULL,
    is_read boolean NOT NULL,
    topic character varying(128) NOT NULL,
    author_id integer NOT NULL,
    recipient_id integer NOT NULL
);


ALTER TABLE public.coins_message OWNER TO danyil;

--
-- Name: coins_message_id_seq; Type: SEQUENCE; Schema: public; Owner: danyil
--

ALTER TABLE public.coins_message ALTER COLUMN id ADD GENERATED BY DEFAULT AS IDENTITY (
    SEQUENCE NAME public.coins_message_id_seq
    START WITH 1
    INCREMENT BY 1
    NO MINVALUE
    NO MAXVALUE
    CACHE 1
);


--
-- Name: coins_multioffer; Type: TABLE; Schema: public; Owner: danyil
--

CREATE TABLE public.coins_multioffer (
    id bigint NOT NULL,
    status character varying(1) NOT NULL,
    created timestamp with time zone NOT NULL,
    author_id integer NOT NULL,
    responder_id integer NOT NULL
);


ALTER TABLE public.coins_multioffer OWNER TO danyil;

--
-- Name: coins_multioffer_coins_to_get; Type: TABLE; Schema: public; Owner: danyil
--

CREATE TABLE public.coins_multioffer_coins_to_get (
    id bigint NOT NULL,
    multioffer_id bigint NOT NULL,
    coin_id bigint NOT NULL
);


ALTER TABLE public.coins_multioffer_coins_to_get OWNER TO danyil;

--
-- Name: coins_multioffer_coins_to_get_id_seq; Type: SEQUENCE; Schema: public; Owner: danyil
--

ALTER TABLE public.coins_multioffer_coins_to_get ALTER COLUMN id ADD GENERATED BY DEFAULT AS IDENTITY (
    SEQUENCE NAME public.coins_multioffer_coins_to_get_id_seq
    START WITH 1
    INCREMENT BY 1
    NO MINVALUE
    NO MAXVALUE
    CACHE 1
);


--
-- Name: coins_multioffer_coins_to_give; Type: TABLE; Schema: public; Owner: danyil
--

CREATE TABLE public.coins_multioffer_coins_to_give (
    id bigint NOT NULL,
    multioffer_id bigint NOT NULL,
    coin_id bigint NOT NULL
);


ALTER TABLE public.coins_multioffer_coins_to_give OWNER TO danyil;

--
-- Name: coins_multioffer_coins_to_give_id_seq; Type: SEQUENCE; Schema: public; Owner: danyil
--

ALTER TABLE public.coins_multioffer_coins_to_give ALTER COLUMN id ADD GENERATED BY DEFAULT AS IDENTITY (
    SEQUENCE NAME public.coins_multioffer_coins_to_give_id_seq
    START WITH 1
    INCREMENT BY 1
    NO MINVALUE
    NO MAXVALUE
    CACHE 1
);


--
-- Name: coins_multioffer_id_seq; Type: SEQUENCE; Schema: public; Owner: danyil
--

ALTER TABLE public.coins_multioffer ALTER COLUMN id ADD GENERATED BY DEFAULT AS IDENTITY (
    SEQUENCE NAME public.coins_multioffer_id_seq
    START WITH 1
    INCREMENT BY 1
    NO MINVALUE
    NO MAXVALUE
    CACHE 1
);


--
-- Name: coins_offer; Type: TABLE; Schema: public; Owner: danyil
--

CREATE TABLE public.coins_offer (
    id bigint NOT NULL,
    status character varying(1) NOT NULL,
    created timestamp with time zone NOT NULL,
    author_id integer NOT NULL,
    coin_to_get_id bigint NOT NULL,
    coin_to_give_id bigint NOT NULL,
    responder_id integer NOT NULL
);


ALTER TABLE public.coins_offer OWNER TO danyil;

--
-- Name: coins_offer_id_seq; Type: SEQUENCE; Schema: public; Owner: danyil
--

ALTER TABLE public.coins_offer ALTER COLUMN id ADD GENERATED BY DEFAULT AS IDENTITY (
    SEQUENCE NAME public.coins_offer_id_seq
    START WITH 1
    INCREMENT BY 1
    NO MINVALUE
    NO MAXVALUE
    CACHE 1
);


--
-- Name: coins_userprofile; Type: TABLE; Schema: public; Owner: danyil
--

CREATE TABLE public.coins_userprofile (
    id bigint NOT NULL,
    user_pic character varying(100) NOT NULL,
    phone character varying(20) NOT NULL,
    postcode character varying(10) NOT NULL,
    addres character varying(150) NOT NULL,
    city character varying(20) NOT NULL,
    user_id integer NOT NULL
);


ALTER TABLE public.coins_userprofile OWNER TO danyil;

--
-- Name: coins_userprofile_id_seq; Type: SEQUENCE; Schema: public; Owner: danyil
--

ALTER TABLE public.coins_userprofile ALTER COLUMN id ADD GENERATED BY DEFAULT AS IDENTITY (
    SEQUENCE NAME public.coins_userprofile_id_seq
    START WITH 1
    INCREMENT BY 1
    NO MINVALUE
    NO MAXVALUE
    CACHE 1
);


--
-- Name: django_admin_log; Type: TABLE; Schema: public; Owner: danyil
--

CREATE TABLE public.django_admin_log (
    id integer NOT NULL,
    action_time timestamp with time zone NOT NULL,
    object_id text,
    object_repr character varying(200) NOT NULL,
    action_flag smallint NOT NULL,
    change_message text NOT NULL,
    content_type_id integer,
    user_id integer NOT NULL,
    CONSTRAINT django_admin_log_action_flag_check CHECK ((action_flag >= 0))
);


ALTER TABLE public.django_admin_log OWNER TO danyil;

--
-- Name: django_admin_log_id_seq; Type: SEQUENCE; Schema: public; Owner: danyil
--

ALTER TABLE public.django_admin_log ALTER COLUMN id ADD GENERATED BY DEFAULT AS IDENTITY (
    SEQUENCE NAME public.django_admin_log_id_seq
    START WITH 1
    INCREMENT BY 1
    NO MINVALUE
    NO MAXVALUE
    CACHE 1
);


--
-- Name: django_content_type; Type: TABLE; Schema: public; Owner: danyil
--

CREATE TABLE public.django_content_type (
    id integer NOT NULL,
    app_label character varying(100) NOT NULL,
    model character varying(100) NOT NULL
);


ALTER TABLE public.django_content_type OWNER TO danyil;

--
-- Name: django_content_type_id_seq; Type: SEQUENCE; Schema: public; Owner: danyil
--

ALTER TABLE public.django_content_type ALTER COLUMN id ADD GENERATED BY DEFAULT AS IDENTITY (
    SEQUENCE NAME public.django_content_type_id_seq
    START WITH 1
    INCREMENT BY 1
    NO MINVALUE
    NO MAXVALUE
    CACHE 1
);


--
-- Name: django_migrations; Type: TABLE; Schema: public; Owner: danyil
--

CREATE TABLE public.django_migrations (
    id bigint NOT NULL,
    app character varying(255) NOT NULL,
    name character varying(255) NOT NULL,
    applied timestamp with time zone NOT NULL
);


ALTER TABLE public.django_migrations OWNER TO danyil;

--
-- Name: django_migrations_id_seq; Type: SEQUENCE; Schema: public; Owner: danyil
--

ALTER TABLE public.django_migrations ALTER COLUMN id ADD GENERATED BY DEFAULT AS IDENTITY (
    SEQUENCE NAME public.django_migrations_id_seq
    START WITH 1
    INCREMENT BY 1
    NO MINVALUE
    NO MAXVALUE
    CACHE 1
);


--
-- Name: django_session; Type: TABLE; Schema: public; Owner: danyil
--

CREATE TABLE public.django_session (
    session_key character varying(40) NOT NULL,
    session_data text NOT NULL,
    expire_date timestamp with time zone NOT NULL
);


ALTER TABLE public.django_session OWNER TO danyil;

--
-- Data for Name: auth_group; Type: TABLE DATA; Schema: public; Owner: danyil
--

COPY public.auth_group (id, name) FROM stdin;
\.


--
-- Data for Name: auth_group_permissions; Type: TABLE DATA; Schema: public; Owner: danyil
--

COPY public.auth_group_permissions (id, group_id, permission_id) FROM stdin;
\.


--
-- Data for Name: auth_permission; Type: TABLE DATA; Schema: public; Owner: danyil
--

COPY public.auth_permission (id, name, content_type_id, codename) FROM stdin;
1	Can add log entry	1	add_logentry
2	Can change log entry	1	change_logentry
3	Can delete log entry	1	delete_logentry
4	Can view log entry	1	view_logentry
5	Can add permission	2	add_permission
6	Can change permission	2	change_permission
7	Can delete permission	2	delete_permission
8	Can view permission	2	view_permission
9	Can add group	3	add_group
10	Can change group	3	change_group
11	Can delete group	3	delete_group
12	Can view group	3	view_group
13	Can add user	4	add_user
14	Can change user	4	change_user
15	Can delete user	4	delete_user
16	Can view user	4	view_user
17	Can add content type	5	add_contenttype
18	Can change content type	5	change_contenttype
19	Can delete content type	5	delete_contenttype
20	Can view content type	5	view_contenttype
21	Can add session	6	add_session
22	Can change session	6	change_session
23	Can delete session	6	delete_session
24	Can view session	6	view_session
25	Can add message	7	add_message
26	Can change message	7	change_message
27	Can delete message	7	delete_message
28	Can view message	7	view_message
29	Can add offer	8	add_offer
30	Can change offer	8	change_offer
31	Can delete offer	8	delete_offer
32	Can view offer	8	view_offer
33	Can add box	9	add_box
34	Can change box	9	change_box
35	Can delete box	9	delete_box
36	Can view box	9	view_box
37	Can add user profile	10	add_userprofile
38	Can change user profile	10	change_userprofile
39	Can delete user profile	10	delete_userprofile
40	Can view user profile	10	view_userprofile
41	Can add Coin	11	add_coin
42	Can change Coin	11	change_coin
43	Can delete Coin	11	delete_coin
44	Can view Coin	11	view_coin
45	Can add multi offer	12	add_multioffer
46	Can change multi offer	12	change_multioffer
47	Can delete multi offer	12	delete_multioffer
48	Can view multi offer	12	view_multioffer
49	Can add Continent	13	add_continent
50	Can change Continent	13	change_continent
51	Can delete Continent	13	delete_continent
52	Can view Continent	13	view_continent
53	Can add Country	14	add_country
54	Can change Country	14	change_country
55	Can delete Country	14	delete_country
56	Can view Country	14	view_country
\.


--
-- Data for Name: auth_user; Type: TABLE DATA; Schema: public; Owner: danyil
--

COPY public.auth_user (id, password, last_login, is_superuser, username, first_name, last_name, email, is_staff, is_active, date_joined) FROM stdin;
1	pbkdf2_sha256$870000$hDYgSnUmdtZ2PkN3ppAzne$MKxGrYOg8/1+5wQEgPG5DeOxpwfku6zJP7COF/QQ+xI=	2024-09-01 10:37:41.514313+00	t	admin			collecttohub@gmail.com	t	t	2024-09-01 09:25:06.355043+00
\.


--
-- Data for Name: auth_user_groups; Type: TABLE DATA; Schema: public; Owner: danyil
--

COPY public.auth_user_groups (id, user_id, group_id) FROM stdin;
\.


--
-- Data for Name: auth_user_user_permissions; Type: TABLE DATA; Schema: public; Owner: danyil
--

COPY public.auth_user_user_permissions (id, user_id, permission_id) FROM stdin;
\.


--
-- Data for Name: coins_box; Type: TABLE DATA; Schema: public; Owner: danyil
--

COPY public.coins_box (id, name) FROM stdin;
1	A-1-1
2	A-1-2
3	A-1-3
4	A-1-4
5	A-1-5
6	A-1-6
7	A-1-7
8	A-1-8
9	A-1-9
10	A-1-10
11	A-1-11
12	A-1-12
13	A-1-13
14	A-1-14
15	A-1-15
16	B-1-1
17	X-1
18	C-1-1
19	B-1-2
20	C-1-2
21	C-1-3
22	C-1-4
23	C-1-5
24	C-1-6
25	C-1-7
26	C-1-8
27	B-1-3
28	B-1-4
29	C-1-10
30	C-1-9
31	C-1-11
32	C-1-12
33	C-1-13
34	C-1-14
35	C-1-15
36	B-1-5
37	D-1-1
38	D-1-2
39	D-1-3
\.


--
-- Data for Name: coins_coin; Type: TABLE DATA; Schema: public; Owner: danyil
--

COPY public.coins_coin (id, img_front, img_back, img_add_1, img_add_2, denomination, year, material, safety, weight, diameter, thickness, circulation, status, views_counter, box_id, owner_id, country_id) FROM stdin;
2	products_image/england_6_pence_1956_a.jpg	products_image/england_6_pence_1956_al.jpg	products_image/england_6_pence_1956_r.jpg	products_image/england_6_pence_1956_rl.jpg	6 pence	1956	cupronickel	f	2.83	19.3	1.2	109841555	a	0	1	1	1
3	products_image/england_6_pence_1955_a.jpg	products_image/england_6_pence_1955_al.jpg	products_image/england_6_pence_1955_r.jpg	products_image/england_6_pence_1955_rl.jpg	6 pence	1955	cupronickel	vf	2.83	19.3	1.2	109929554	a	0	1	1	1
4	products_image/england_6_pence_1951_a.jpg	products_image/england_6_pence_1951_al.jpg	products_image/england_6_pence_1951_r.jpg	products_image/england_6_pence_1951_rl.jpg	6 pence	1951	cupronickel	f	2.83	19.3	1.2	40339491	a	0	1	1	1
5	products_image/england_6_pence_1947_a.jpg	products_image/england_6_pence_1947_al.jpg	products_image/england_6_pence_1947_r.jpg	products_image/england_6_pence_1947_rl.jpg	6 pence	1947	cupronickel	f	2.83	19.3	1.2	29993263	a	0	1	1	1
6	products_image/england_3_pence_1943_a.jpg	products_image/england_3_pence_1943_al.jpg	products_image/england_3_pence_1943_r.jpg	products_image/england_3_pence_1943_rl.jpg	3 pence	1943	brass	f	6.86	21.6	2.3	101702400	a	0	1	1	1
7	products_image/england_3_pence_1942_a.jpg	products_image/england_3_pence_1942_al.jpg	products_image/england_3_pence_1942_r.jpg	products_image/england_3_pence_1942_rl.jpg	3 pence	1942	brass	f	6.86	21.6	2.3	103214400	a	0	1	1	1
9	products_image/england_1_penny_1916_a.jpg	products_image/england_1_penny_1916_al.jpg	products_image/england_1_penny_1916_r.jpg	products_image/england_1_penny_1916_rl.jpg	1 penny	1916	copper	v	9.45	30.8	1.68	86411165	a	0	2	1	1
10	products_image/england_6_pence_1964_a.jpg	products_image/england_6_pence_1964_al.jpg	products_image/england_6_pence_1964_r.jpg	products_image/england_6_pence_1964_rl.jpg	6 pence	1964	cupronickel	f	2.83	19.3	1.2	152336000	a	0	2	1	1
11	products_image/england_6_pence_1958_a.jpg	products_image/england_6_pence_1958_al.jpg	products_image/england_6_pence_1958_r.jpg	products_image/england_6_pence_1958_rl.jpg	6 pence	1958	cupronickel	f	2.83	19.3	1.2	123518527	a	0	2	1	1
12	products_image/england_6_pence_1962_a.jpg	products_image/england_6_pence_1962_al.jpg	products_image/england_6_pence_1962_r.jpg	products_image/england_6_pence_1962_rl.jpg	6 pence	1962	cupronickel	xf	2.83	19.3	1.2	166483637	a	0	2	1	1
13	products_image/england_6_pence_1961_a.jpg	products_image/england_6_pence_1961_al.jpg	products_image/england_6_pence_1961_r.jpg	products_image/england_6_pence_1961_rl.jpg	6 pence	1961	cupronickel	xf	2.83	19.3	1.2	115052017	a	0	2	1	1
14	products_image/england_6_pence_1948_a.jpg	products_image/england_6_pence_1948_al.jpg	products_image/england_6_pence_1948_r.jpg	products_image/england_6_pence_1948_rl.jpg	6 pence	1948	cupronickel	f	2.83	19.3	1.2	88323540	a	0	2	1	1
17	products_image/england_6_pence_1951_a_ghhe8d8.jpg	products_image/england_6_pence_1951_al_gXXEXZZ.jpg	products_image/england_6_pence_1951_r_BkDVV1u.jpg	products_image/england_6_pence_1951_rl_WwQu8kD.jpg	6 pence	1951	cupronickel	f	2.83	19.3	1.2	40339491	a	0	3	1	1
18	products_image/england_6_pence_1957_a.jpg	products_image/england_6_pence_1957_al.jpg	products_image/england_6_pence_1957_r.jpg	products_image/england_6_pence_1957_rl.jpg	6 pence	1957	cupronickel	f	2.83	19.3	1.2	150654290	a	0	3	1	1
19	products_image/england_6_pence_1961_a_ibxdPYk.jpg	products_image/england_6_pence_1961_al_vp5JLrH.jpg	products_image/england_6_pence_1961_r_lGodfOl.jpg	products_image/england_6_pence_1961_rl_dhhmarF.jpg	6 pence	1961	cupronickel	xf	2.83	19.3	1.2	115052017	a	0	3	1	1
20	products_image/england_6_pence_1962_a_uuhOhSp.jpg	products_image/england_6_pence_1962_al_7qhuhsp.jpg	products_image/england_6_pence_1962_r_iN2PhVw.jpg	products_image/england_6_pence_1962_rl_EanwAFq.jpg	6 pence	1962	cupronickel	xf	2.83	19.3	1.2	166483637	a	0	3	1	1
21	products_image/england_6_pence_1965_a.jpg	products_image/england_6_pence_1965_al.jpg	products_image/england_6_pence_1965_r.jpg	products_image/england_6_pence_1965_rl.jpg	6 pence	1965	cupronickel	f	2.83	19.3	1.2	127872000	a	0	3	1	1
22	products_image/england_6_pence_1967_a.jpg	products_image/england_6_pence_1967_al.jpg	products_image/england_6_pence_1967_r.jpg	products_image/england_6_pence_1967_rl.jpg	6 pence	1967	cupronickel	xf	2.83	19.3	1.2	240788000	a	0	3	1	1
24	products_image/england_3_pence_1955_a_oIlX2i8.jpg	products_image/england_3_pence_1955_al_uDZ5alM.jpg	products_image/england_3_pence_1955_rl_dRYatFc.jpg	products_image/england_3_pence_1955_r_pjF29za.jpg	3 pence	1955	brass	f	6.86	21.6	2.3	41075000	a	0	4	1	1
25	products_image/england_3_pence_1956_a_PiO6ABb.jpg	products_image/england_3_pence_1956_al_fYV1H9S.jpg	products_image/england_3_pence_1956_rl_4FZzbVS.jpg	products_image/england_3_pence_1956_r_yN5zjOR.jpg	3 pence	1956	brass	f	6.86	21.6	2.3	36902000	a	0	4	1	1
26	products_image/england_3_pence_1958_a_MxlQp5Z.jpg	products_image/england_3_pence_1958_al_U4rrr54.jpg	products_image/england_3_pence_1958_rl_fAPxsul.jpg	products_image/england_3_pence_1958_r_jiXG1Z5.jpg	3 pence	1958	brass	vf	6.86	21.6	2.3	20504000	a	0	4	1	1
1	products_image/england_50_pence_2017_a.jpg	products_image/england_50_pence_2017_al.jpg	products_image/england_50_pence_2017_r.jpg	products_image/england_50_pence_2017_rl.jpg	50 pence	2017	cupronickel	f	8	27.3	1.8	25000000	a	1	1	1	1
15	products_image/england_3_pence_1944_a.jpg	products_image/england_3_pence_1944_al.jpg	products_image/england_3_pence_1944_r.jpg	products_image/england_3_pence_1944_rl.jpg	3 pence	1944	brass	f	6.86	21.6	2.3	69760000	a	1	2	1	1
8	products_image/england_2_shillings_1963_a.jpg	products_image/england_2_shillings_1963_al.jpg	products_image/england_2_shillings_1963_r.jpg	products_image/england_2_shillings_1963_rl.jpg	2 shillings	1963	cupronickel	f	11.31	28.4	2.1	26471000	a	0	1	1	1
16	products_image/england_3_pence_1942_a_D31mTzL.jpg	products_image/england_3_pence_1942_al_xVIczKB.jpg	products_image/england_3_pence_1942_r_7LaGp0m.jpg	products_image/england_3_pence_1942_rl_ZaPInFj.jpg	3 pence	1942	brass	v	6.86	21.6	2.3	103214400	a	8	2	1	1
23	products_image/england_3_pence_1953_a_NFe1G1h.jpg	products_image/england_3_pence_1953_al_itBfz5b.jpg	products_image/england_3_pence_1953_rl_Fu3lSyw.jpg	products_image/england_3_pence_1953_r_JIAHSK6.jpg	3 pence	1953	brass	f	6.86	21.6	2.3	30618000	a	0	3	1	1
45	products_image/ukraine_10_kopiyok_2009_a_BK3tNIg.jpg	products_image/ukraine_10_kopiyok_2009_al_om11fLm.jpg	products_image/ukraine_10_kopiyok_2009_r_8s6aj6f.jpg	products_image/ukraine_10_kopiyok_2009_rl_sUmfx2g.jpg	10 kopiyok	2009	brass	xf	1.7	16.3	1.25	260000000	a	0	5	1	3
28	products_image/england_6_pence_1957_a_PujSFTD.jpg	products_image/england_6_pence_1957_al_xRenp3e.jpg	products_image/england_6_pence_1957_rl_QJC9HRm.jpg	products_image/england_6_pence_1957_r_p1nLOb7.jpg	6 pence	1957	brass	vf	2.83	19.3	1.2	150654290	a	0	4	1	1
30	products_image/england_6_pence_1965_a_BkHb9Ky.jpg	products_image/england_6_pence_1965_al_qr7Mg4y.jpg	products_image/england_6_pence_1965_rl_CGeGqpP.jpg	products_image/england_6_pence_1965_r_vPxm0bX.jpg	6 pence	1965	cupronickel	f	2.83	1.93	1.2	127872000	a	0	4	1	1
27	products_image/england_3_pence_1960_a_pGbmVj0.jpg	products_image/england_3_pence_1960_al_qFOhaiq.jpg	products_image/england_3_pence_1960_rl_WIMz8YO.jpg	products_image/england_3_pence_1960_r_pdHpBQ4.jpg	3 pence	1960	brass	vf	6.86	21.6	2.3	83078000	a	0	4	1	1
29	products_image/england_6_pence_1962_a_T7O0EAt.jpg	products_image/england_6_pence_1962_al_23FqcDc.jpg	products_image/england_6_pence_1962_rl_4XRcIwz.jpg	products_image/england_6_pence_1962_r_ad3OFzo.jpg	6 pence	1962	cupronickel	f	2.83	19.3	1.2	166483637	a	0	4	1	1
32	products_image/belgium_1_franc_bilgique_1975_a.jpg	products_image/belgium_1_franc_bilgique_1975_al.jpg	products_image/belgium_1_franc_bilgique_1975_rl.jpg	products_image/belgium_1_franc_bilgique_1975_r.jpg	1 franc "belgique''	1975	cupronickel	xf	4	21	1.6	80000000	a	0	5	1	2
33	products_image/belgium_1_franc_bilgique_1973_a.jpg	products_image/belgium_1_franc_bilgique_1973_al.jpg	products_image/belgium_1_franc_bilgique_1973_rl.jpg	products_image/belgium_1_franc_bilgique_1973_r.jpg	1 franc "belgique''	1973	cupronickel	f	4	21	1.6	42500000	a	0	6	1	2
34	products_image/belgium_1_franc_bilgique_1967_a.jpg	products_image/belgium_1_franc_bilgique_1967_al.jpg	products_image/belgium_1_franc_bilgique_1967_rl.jpg	products_image/belgium_1_franc_bilgique_1967_r.jpg	1 franc "belgique''	1967	cupronickel	vf	4	21	1.6	27470000	a	0	6	1	2
35	products_image/belgium_1_franc_bilgique_1962_a.jpg	products_image/belgium_1_franc_bilgique_1962_al.jpg	products_image/belgium_1_franc_bilgique_1962_rl.jpg	products_image/belgium_1_franc_bilgique_1962_r.jpg	1 franc "belgique''	1962	cupronickel	v	4	21	1.6	10720000	a	0	7	1	2
36	products_image/belgium_1_franc_bilgique_1961_a.jpg	products_image/belgium_1_franc_bilgique_1961_al.jpg	products_image/belgium_1_franc_bilgique_1961_rl.jpg	products_image/belgium_1_franc_bilgique_1961_r.jpg	1 franc "belgique''	1961	cupronickel	vf	4	21	1.6	9350000	a	0	7	1	2
37	products_image/belgium_1_franc_bilgique_1958_a.jpg	products_image/belgium_1_franc_bilgique_1958_al.jpg	products_image/belgium_1_franc_bilgique_1958_rl.jpg	products_image/belgium_1_franc_bilgique_1958_r.jpg	1 franc "belgique''	1958	cupronickel	xf	4	21	1.6	17365000	a	0	8	1	2
38	products_image/belgium_1_franc_bilgique_1951_a.jpg	products_image/belgium_1_franc_bilgique_1951_al.jpg	products_image/belgium_1_franc_bilgique_1951_rl.jpg	products_image/belgium_1_franc_bilgique_1951_r.jpg	1 franc "belgique''	1951	cupronickel	f	4	21	1.6	53750000	a	0	8	1	2
39	products_image/belgium_1_franc_bilgie_1988_a.jpg	products_image/belgium_1_franc_bilgie_1988_al.jpg	products_image/belgium_1_franc_bilgie_1988_rl.jpg	products_image/belgium_1_franc_bilgie_1988_r.jpg	1 franc "belgie''	1988	cupronickel	f	4	21	1.6	17500000	a	0	9	1	2
40	products_image/belgium_1_franc_bilgie_1974_a.jpg	products_image/belgium_1_franc_bilgie_1974_al.jpg	products_image/belgium_1_franc_bilgie_1974_ar.jpg	products_image/belgium_1_franc_bilgie_1974_r.jpg	1 franc "belgie''	1974	cupronickel	vf	4	21	1.6	30000000	a	0	9	1	2
41	products_image/ukraine_10_kopiyok_1996_a.jpg	products_image/ukraine_10_kopiyok_1996_al.jpg	products_image/ukraine_10_kopiyok_1996_rl.jpg	products_image/ukraine_10_kopiyok_1996_r.jpg	10 kopiyok	1996	brass	v	1.7	16.3	1.25	50000000	a	0	1	1	3
42	products_image/ukraine_10_kopiyok_2009_a.jpg	products_image/ukraine_10_kopiyok_2009_al.jpg	products_image/ukraine_10_kopiyok_2009_rl.jpg	products_image/ukraine_10_kopiyok_2009_r.jpg	10 kopiyok	2009	brass	f	1.7	16.3	1.25	260000000	a	0	2	1	3
43	products_image/ukraine_10_kopiyok_2011_a.jpg	products_image/ukraine_10_kopiyok_2011_al.jpg	products_image/ukraine_10_kopiyok_2011_r.jpg	products_image/ukraine_10_kopiyok_2011_rl.jpg	10 kopiyok	2011	brass	f	1.7	16.3	1.25	245000000	a	0	3	1	3
46	products_image/ukraine_50_kopiyok_2018_a.jpg	products_image/ukraine_50_kopiyok_2018_al.jpg	products_image/ukraine_50_kopiyok_2018_r.jpg	products_image/ukraine_50_kopiyok_2018_rl.jpg	50 kopiyok	2018	brass	f	4.2	23	1.55	65000000	a	0	3	1	3
47	products_image/ukraine_50_kopiyok_1992_a.jpg	products_image/ukraine_50_kopiyok_1992_al.jpg	products_image/ukraine_50_kopiyok_1992_r.jpg	products_image/ukraine_50_kopiyok_1992_rl.jpg	50 kopiyok	1992	brass	f	4.2	23	1.55	316000000	a	0	5	1	3
48	products_image/ukraine_50_kopiyok_2007_a.jpg	products_image/ukraine_50_kopiyok_2007_al.jpg	products_image/ukraine_50_kopiyok_2007_r.jpg	products_image/ukraine_50_kopiyok_2007_rl.jpg	50 kopiyok	2007	brass	f	4.2	23	1.55	50000000	a	0	6	1	3
49	products_image/france_20_centimes_1963_a.jpg	products_image/france_20_centimes_1963_al.jpg	products_image/france_20_centimes_1963_r.jpg	products_image/france_20_centimes_1963_rl.jpg	20 centimes	1963	bronze	vf	4	23.5	1.5	190330001	a	0	5	1	4
44	products_image/ukraine_10_kopiyok_2011_a_9kMgsYS.jpg	products_image/ukraine_10_kopiyok_2011_al_xIDPp0Y.jpg	products_image/ukraine_10_kopiyok_2011_r_JhpD0EV.jpg	products_image/ukraine_10_kopiyok_2011_rl_XQW7dn7.jpg	10 kopiyok	2011	brass	v	1.7	16.3	1.25	245000000	a	1	4	1	3
50	products_image/france_20_centimes_1968_a.jpg	products_image/france_20_centimes_1968_al.jpg	products_image/france_20_centimes_1968_r.jpg	products_image/france_20_centimes_1968_rl.jpg	20 centimes	1968	bronze	f	4	23.5	1.5	77408001	a	0	6	1	4
51	products_image/france_20_centimes_1969_a.jpg	products_image/france_20_centimes_1969_al.jpg	products_image/france_20_centimes_1969_r.jpg	products_image/france_20_centimes_1969_rl.jpg	20 centimes	1969	bronze	vf	4	23.5	1.5	50570001	a	0	7	1	4
52	products_image/france_20_centimes_1981_a.jpg	products_image/france_20_centimes_1981_al.jpg	products_image/france_20_centimes_1981_r.jpg	products_image/france_20_centimes_1981_rl.jpg	20 centimes	1981	bronze	vf	4	23.5	1.5	124974000	a	0	8	1	4
53	products_image/france_20_centimes_1989_a.jpg	products_image/france_20_centimes_1989_al.jpg	products_image/france_20_centimes_1989_r.jpg	products_image/france_20_centimes_1989_rl.jpg	20 centimes	1989	bronze	v	4	23.5	1.5	139985000	a	0	9	1	4
54	products_image/france_20_centimes_1996_a.jpg	products_image/france_20_centimes_1996_al.jpg	products_image/france_20_centimes_1996_r.jpg	products_image/france_20_centimes_1996_rl.jpg	20 centimes	1996	bronze	xf	4	23.5	1.5	139979000	a	0	6	1	4
55	products_image/france_20_centimes_1997_a.jpg	products_image/france_20_centimes_1997_al.jpg	products_image/france_20_centimes_1997_r.jpg	products_image/france_20_centimes_1997_rl.jpg	20 centimes	1997	bronze	xf	4	23.5	1.5	436216500	a	0	7	1	4
56	products_image/france_10_franks_1989_a.jpg	products_image/france_10_franks_1989_al.jpg	products_image/france_10_franks_1989_r.jpg	products_image/france_10_franks_1989_rl.jpg	10 franks	1989	bronze	xf	6.5	23	2.1	249980000	a	0	5	1	4
57	products_image/france_10_franks_1980_a.jpg	products_image/france_10_franks_1980_al.jpg	products_image/france_10_franks_1980_r.jpg	products_image/france_10_franks_1980_rl.jpg	10 franks	1980	bronze	f	10	26	2.5	7950000	a	0	5	1	4
58	products_image/france_1_frank_1960_al.jpg	products_image/france_1_frank_1960_a.jpg	products_image/france_1_frank_1960_r.jpg	products_image/france_1_frank_1960_rl.jpg	1 frank	1960	cupronickel	f	6	24	1.8	406375001	a	0	6	1	4
59	products_image/france_5_centimes_1978_a.jpg	products_image/france_5_centimes_1978_al.jpg	products_image/france_5_centimes_1978_r.jpg	products_image/france_5_centimes_1978_rl.jpg	5 centimes	1978	bronze	vf	2	17	1.5	189804000	a	0	5	1	4
60	products_image/france_5_centimes_1988_a.jpg	products_image/france_5_centimes_1988_al.jpg	products_image/france_5_centimes_1988_r.jpg	products_image/france_5_centimes_1988_rl.jpg	5 centimes	1988	bronze	f	2	17	1.5	199992000	a	0	6	1	4
61	products_image/france_5_centimes_1998_a.jpg	products_image/france_5_centimes_1998_al.jpg	products_image/france_5_centimes_1998_r.jpg	products_image/france_5_centimes_1998_rl.jpg	5 centimes	1998	bronze	xf	2	17	1.5	300084000	a	0	7	1	4
62	products_image/france_10_centimes_1962_a_eeiiS46.jpg	products_image/france_10_centimes_1962_al_Eb0LMrH.jpg	products_image/france_10_centimes_1962_r_UivbN7P.jpg	products_image/france_10_centimes_1962_rl_pgkxHZa.jpg	10 CENTIMES	1962	bronze	vf	3	20	1.5	29100001	a	0	8	1	4
63	products_image/france_10_centimes_1963_a_RX9sgxn.jpg	products_image/france_10_centimes_1963_al_pClqnJm.jpg	products_image/france_10_centimes_1963_r_OEt18lG.jpg	products_image/france_10_centimes_1963_rl_1kAMfws.jpg	10 CENTIMES	1963	bronze	f	3	20	1.5	217601001	a	0	9	1	4
64	products_image/france_10_centimes_1964_a_4kOahWx.jpg	products_image/france_10_centimes_1964_al_6A8yudU.jpg	products_image/france_10_centimes_1964_r_sWnjmy1.jpg	products_image/france_10_centimes_1964_rl_Xi7TNVz.jpg	10 CENTIMES	1964	bronze	f	3	20	1.5	93409001	a	0	10	1	4
31	products_image/great_britain_6_pence_1965_a.jpg	products_image/great_britain_6_pence_1965_al.jpg	products_image/great_britain_6_pence_1965_rl.jpg	products_image/great_britain_6_pence_1965_r.jpg	6 pence	1965	cupronickel	xf	2.83	19.3	1.2	127872000	a	3	5	1	1
72	products_image/france_5_frank_1971_a.jpg	products_image/france_5_frank_1971_al.jpg	products_image/france_5_frank_1971_r.jpg	products_image/france_5_frank_1971_rl.jpg	5 FRANKS	1971	cupronickel	f	10	29	\N	142204000	a	0	6	1	4
71	products_image/france_20_centimes_1963_a_zulHMFM.jpg	products_image/france_20_centimes_1963_al_qA80ac2.jpg	products_image/france_20_centimes_1963_r_fGOamin.jpg	products_image/france_20_centimes_1963_rl_g2lrIxq.jpg	10 CENTIMES	1963	bronze	f	4	23.5	1.5	190330001	a	0	10	1	4
70	products_image/france_10_centimes_1998_a.jpg	products_image/france_10_centimes_1998_al.jpg	products_image/france_10_centimes_1998_r.jpg	products_image/france_10_centimes_1998_rl.jpg	10 CENTIMES	1998	bronze	xf	3	20	1.5	350000000	a	0	3	1	4
69	products_image/france_10_centimes_1984_a.jpg	products_image/france_10_centimes_1984_al.jpg	products_image/france_10_centimes_1984_r.jpg	products_image/france_10_centimes_1984_rl.jpg	10 CENTIMES	1984	bronze	f	3	20	1.5	199988600	a	0	15	1	4
68	products_image/france_10_centimes_1979_a.jpg	products_image/france_10_centimes_1979_al.jpg	products_image/france_10_centimes_1979_r.jpg	products_image/france_10_centimes_1979_rl.jpg	10 CENTIMES	1979	bronze	f	3	20	1.5	140000000	a	0	14	1	4
67	products_image/france_10_centimes_1978_a.jpg	products_image/france_10_centimes_1978_al.jpg	products_image/france_10_centimes_1978_r.jpg	products_image/france_10_centimes_1978_rl.jpg	10 CENTIMES	1978	bronze	f	3	20	1.5	154360000	a	0	13	1	4
66	products_image/france_10_centimes_1974_a.jpg	products_image/france_10_centimes_1974_al.jpg	products_image/france_10_centimes_1974_r.jpg	products_image/france_10_centimes_1974_rl.jpg	10 CENTIMES	1974	bronze	f	3	20	1.5	91990000	a	0	12	1	4
65	products_image/france_10_centimes_1967_a_6wgJKg3.jpg	products_image/france_10_centimes_1967_al_eVeQ3vY.jpg	products_image/france_10_centimes_1967_r_79wfmto.jpg	products_image/france_10_centimes_1967_rl_qVl04sj.jpg	10 CENTIMES	1967	bronze	f	3	20	1.5	196728001	a	0	11	1	4
90	products_image/g.b_2_shillings_1948_a.jpg	products_image/g.b_2_shillings_1948_al.jpg	products_image/g.b_2_shillings_1948_r.jpg	products_image/g.b_2_shillings_1948_rl.jpg	2 SHILLINGS	1948		vf	11.31	28.3	\N	67554000	a	0	11	1	1
86	products_image/g.b_1_shiling_1956_a.jpg	products_image/g.b_1_shiling_1956_al.jpg	products_image/g.b_1_shiling_1956_r.jpg	products_image/g.b_1_shiling_1956_rl.jpg	1 SHILLING	1956	cupronickel	f	5.65	23.5	\N	42854000	a	0	10	1	1
93	products_image/g.b_1_shiling_1962_a.jpg	products_image/g.b_1_shiling_1962_al.jpg	products_image/g.b_1_shiling_1962_r.jpg	products_image/g.b_1_shiling_1962_rl.jpg	1 SHILLING	1962	cupronickel	vf	5.65	23.5	\N	36704000	a	0	14	1	1
96	products_image/g_rqyXoRu.b_1_shiling_1956_a.jpg	products_image/g_oVnzolo.b_1_shiling_1956_al.jpg	products_image/g_yPoIbBJ.b_1_shiling_1956_r.jpg	products_image/g_paTSd3w.b_1_shiling_1956_rl.jpg	1 SHILLING	1956	cupronickel	vf	5.65	23.5	\N	44970000	a	0	15	1	1
92	products_image/g.b_1_shiling_1963_a.jpg	products_image/g.b_1_shiling_1963_al.jpg	products_image/g.b_1_shiling_1963_r.jpg	products_image/g.b_1_shiling_1963_rl.jpg	1 SHILLING	1963	cupronickel	vf	5.65	23.5	\N	49434000	a	0	13	1	1
84	products_image/g.b_10_pence_1968_a.jpg	products_image/g.b_10_pence_1968_al.jpg	products_image/g.b_10_pence_1968_r.jpg	products_image/g.b_10_pence_1968_rl.jpg	10 PENCE	1968	cupronickel	vf	11.31	28.5	\N	336143250	a	0	10	1	1
99	products_image/g.b_1_shiling_1953_a.jpg	products_image/g.b_1_shiling_1953_al.jpg	products_image/g.b_1_shiling_1953_r.jpg	products_image/g.b_1_shiling_1953_rl.jpg	1 SHILLING	1953	cupronickel	vf	5.65	23.5	\N	41943000	a	0	13	1	1
98	products_image/g.b_1_shiling_1954_a.jpg	products_image/g.b_1_shiling_1954_al.jpg	products_image/g.b_1_shiling_1954_r.jpg	products_image/g.b_1_shiling_1954_rl.jpg	1 SHILLING	1954	cupronickel	vf	5.65	23.5	\N	26772000	a	0	15	1	1
97	products_image/g.b_1_shiling_1955_a.jpg	products_image/g.b_1_shiling_1955_al.jpg	products_image/g.b_1_shiling_1955_r.jpg	products_image/g.b_1_shiling_1955_rl.jpg	1 SHILLING	1955	cupronickel	f	5.65	23.5	\N	45260000	a	0	12	1	1
95	products_image/g.b_1.2_crown_1955_a.jpg	products_image/g.b_1.2_crown_1955_al.jpg	products_image/g.b_1.2_crown_1955_r.jpg	products_image/g.b_1.2_crown_1955_rl.jpg	1/2 CROWN	1955	cupronickel	f	14.14	32.3	\N	33935000	a	0	17	1	1
94	products_image/g.b_1_shiling_1961_a.jpg	products_image/g.b_1_shiling_1961_al.jpg	products_image/g.b_1_shiling_1961_r.jpg	products_image/g.b_1_shiling_1961_rl.jpg	1 SHILLING	1961	cupronickel	vf	5.65	23.5	\N	39817000	a	0	15	1	1
91	products_image/g_L6kyAHI.b_1_shiling_1956_a.jpg	products_image/g_2TsGmVO.b_1_shiling_1956_al.jpg	products_image/g_8XpXFGH.b_1_shiling_1956_r.jpg	products_image/g_B9E1Yix.b_1_shiling_1956_rl.jpg	1 SHILLING	1956	cupronickel	vf	5.65	23.5	\N	44970000	a	0	12	1	1
89	products_image/g.b_2_shillings_1950_a.jpg	products_image/g.b_2_shillings_1950_al.jpg	products_image/g.b_2_shillings_1950_r.jpg	products_image/g.b_2_shillings_1950_rl.jpg	2 SHILLINGS	1950	cupronickel	vf	11.31	28.3	\N	24357000	a	0	11	1	1
88	products_image/g.b_2_shillings_1962_a.jpg	products_image/g.b_2_shillings_1962_al.jpg	products_image/g.b_2_shillings_1962_r.jpg	products_image/g.b_2_shillings_1962_rl.jpg	2 SHILLINGS	1962	cupronickel	vf	11.31	28.3	\N	35148000	a	0	11	1	1
87	products_image/g.b_2_shillings_1966_a.jpg	products_image/g.b_2_shillings_1966_al.jpg	products_image/g_lHZ8qNc.b_2_shillings_1966_r.jpg	products_image/g.b_2_shillings_1966_rl.jpg	2 SHILLINGS	1966	cupronickel	vf	11.31	28.3	\N	83999000	a	0	9	1	1
85	products_image/g.b_5_pence_1980_a.jpg	products_image/g.b_5_pence_1980_al.jpg	products_image/g.b_5_pence_1980_r.jpg	products_image/g.b_5_pence_1980_rl.jpg	5 PENCE	1980	cupronickel	f	5.65	23.6	\N	220566000	a	0	10	1	1
83	products_image/g.b_10_pence_1975_a.jpg	products_image/g.b_10_pence_1975_al.jpg	products_image/g.b_10_pence_1975_r.jpg	products_image/g.b_10_pence_1975_rl.jpg	10 PENCE	1975	cupronickel	vf	11.31	28.5	\N	181559000	a	0	9	1	1
82	products_image/g.b_10_pence_1977_a.jpg	products_image/g.b_10_pence_1977_al.jpg	products_image/g.b_10_pence_1977_r.jpg	products_image/g.b_10_pence_1977_rl.jpg	10 PENCE	1977	cupronickel	vf	11.31	28.5	\N	59323000	a	0	8	1	1
81	products_image/france_10_centimes_1967_a_lAgVf9G.jpg	products_image/france_10_centimes_1967_al_t0VLtqb.jpg	products_image/france_10_centimes_1967_r_CAJ1XVC.jpg	products_image/france_10_centimes_1967_rl_Mg17Bsg.jpg	10 CENTIMES	1967	brass	vf	3	20	\N	196728000	a	0	15	1	4
80	products_image/france_5_frank_1972_a.jpg	products_image/france_5_frank_1972_al.jpg	products_image/france_5_frank_1972_r.jpg	products_image/france_5_frank_1972_rl.jpg	5 FRANKS	1972	cupronickel	vf	10	29	\N	45492000	a	0	7	1	4
79	products_image/france_1.2_frank_1997_a.jpg	products_image/france_1.2_frank_1997_al.jpg	products_image/france_1.2_frank_1997_r.jpg	products_image/france_1.2_frank_1997_rl.jpg	1/2 FRANC	1997	cupronickel	xf	4.5	19.5	\N	99976000	a	0	7	1	4
78	products_image/france_1_frank_1960_a_YmPl9PR.jpg	products_image/france_1_frank_1960_al_qWfiwA4.jpg	products_image/france_1_frank_1960_r_98arH84.jpg	products_image/france_1_frank_1960_rl_Yj1ypnu.jpg	1 FRANK	1960	cupronickel	f	6	24	\N	406375000	a	0	10	1	4
77	products_image/france_1_frank_1960_a_Mmy6imn.jpg	products_image/france_1_frank_1960_al_IylMQjg.jpg	products_image/france_1_frank_1960_r_oi8Zlms.jpg	products_image/france_1_frank_1960_rl_ZnZGycC.jpg	1 FRANK	1960	cupronickel	vf	6	24	\N	406375000	a	0	9	1	4
76	products_image/france_1_frank_1975_a.jpg	products_image/france_1_frank_1975_al.jpg	products_image/france_1_frank_1975_r.jpg	products_image/france_1_frank_1975_rl.jpg	1 FRANK	1975	cupronickel	f	6	24	\N	101685000	a	0	8	1	4
75	products_image/france_1_frank_1985_a.jpg	products_image/france_1_frank_1985_al.jpg	products_image/france_1_frank_1985_r.jpg	products_image/france_1_frank_1985_rl.jpg	1 FRANK	1985	cupronickel	f	6	24	\N	7002000	a	0	7	1	4
125	products_image/austria_1_shilling_1976_a.jpg	products_image/austria_1_shilling_1976_al.jpg	products_image/austria_1_shilling_1976_r.jpg	products_image/austria_1_shilling_1976_rl.jpg	SHILLING	1976	bronze	xf	4.2	22.5	\N	28748000	a	0	23	1	9
124	products_image/spain_500_pesetas_1990_a.jpg	products_image/spain_500_pesetas_1990_al.jpg	products_image/spain_500_pesetas_1990_r.jpg	products_image/spain_500_pesetas_1990_rl.jpg	500 PESETAS	1990	brass	vf	12	28	\N	28372000	a	0	18	1	8
123	products_image/spain_5_pesetas_1975_78_a.jpg	products_image/spain_5_pesetas_1975_78_al.jpg	products_image/spain_5_pesetas_1975_78_r.jpg	products_image/spain_5_pesetas_1975_78_rl.jpg	5 PESETAS "78"	1975	cupronickel	f	5.75	23	\N	412610000	a	0	23	1	8
122	products_image/spain_5_pesetas_1982_a.jpg	products_image/spain_5_pesetas_1982_al.jpg	products_image/spain_5_pesetas_1982_r.jpg	products_image/spain_5_pesetas_1982_rl.jpg	5 PESETAS	1982	cupronickel		5.75	23	\N	51000000	a	0	22	1	8
121	products_image/spain_5_pesetas_1992_a.jpg	products_image/spain_5_pesetas_1992_al.jpg	products_image/spain_5_pesetas_1992_r.jpg	products_image/spain_5_pesetas_1992_rl.jpg	5 PESETAS	1992	brass	vf	3	17.5	\N	493224000	a	0	20	1	8
120	products_image/spain_100_pesetas_1984_a.jpg	products_image/spain_100_pesetas_1984_al.jpg	products_image/spain_100_pesetas_1984_r.jpg	products_image/spain_100_pesetas_1984_rl.jpg	100 PESETAS	1984	brass	xf	9.25	24.5	\N	208000000	a	0	21	1	8
119	products_image/spain_peseta_1975_78-79_a.jpg	products_image/spain_peseta_1975_78-79_al.jpg	products_image/spain_peseta_1975_78-79_r.jpg	products_image/spain_peseta_1975_78-79_rl.jpg	PESETA "78-79"	1975	brass	xf	3.5	21	\N	507000000	a	0	22	1	8
118	products_image/spain_5_pesetas_1975_79_a.jpg	products_image/spain_5_pesetas_1975_79_al.jpg	products_image/spain_5_pesetas_1975_79_r.jpg	products_image/spain_5_pesetas_1975_79_rl.jpg	5 PESETAS "79"	1975	cupronickel	f	5.75	23	\N	436000000	a	0	20	1	8
117	products_image/spain_5_pesetas_1980_81_a.jpg	products_image/spain_5_pesetas_1980_81_al.jpg	products_image/spain_5_pesetas_1980_81_r.jpg	products_image/spain_5_pesetas_1980_81_rl.jpg	5 PESETAS "81"	1980	cupronickel	vf	5.75	23	\N	294000000	a	0	18	1	8
116	products_image/spain_5_pesetas_1997_a.jpg	products_image/spain_5_pesetas_1997_al.jpg	products_image/spain_5_pesetas_1997_r.jpg	products_image/spain_5_pesetas_1997_rl.jpg	5 PESETAS	1997	brass	xf	3	17.5	\N	709006000	a	0	22	1	8
115	products_image/spain_25_pesetas_1991_a.jpg	products_image/spain_25_pesetas_1991_al.jpg	products_image/spain_25_pesetas_1991_r.jpg	products_image/spain_25_pesetas_1991_rl.jpg	25 PESETAS	1991	brass	xf	4.25	19.5	\N	87000000	a	0	21	1	8
114	products_image/spain_25_pesetas_1995_a.jpg	products_image/spain_25_pesetas_1995_al.jpg	products_image/spain_25_pesetas_1995_r.jpg	products_image/spain_25_pesetas_1995_rl.jpg	25 PESETAS	1995	brass	xf	4.25	19.5	\N	179833000	a	0	20	1	8
113	products_image/spain_1_peseta_1989_a.jpg	products_image/spain_1_peseta_1989_al.jpg	products_image/spain_1_peseta_1989_r.jpg	products_image/spain_1_peseta_1989_rl.jpg	1 PESETA	1989	aluminum	vf	0.55	14	\N	198415000	a	0	19	1	8
112	products_image/spain_1_peseta_1992_a.jpg	products_image/spain_1_peseta_1992_al.jpg	products_image/spain_1_peseta_1992_r.jpg	products_image/spain_1_peseta_1992_rl.jpg	1 PESETA	1992	aluminum	f	0.55	14	\N	168870000	a	0	19	1	8
111	products_image/spain_1_peseta_1997_a.jpg	products_image/spain_1_peseta_1997_al.jpg	products_image/spain_1_peseta_1997_r.jpg	products_image/spain_1_peseta_1997_rl.jpg	1 PESETA	1997	aluminum	xf	0.55	14	\N	342620000	a	0	16	1	8
109	products_image/spain_10_centimos_1959_a.jpg	products_image/spain_10_centimos_1959_al.jpg	products_image/spain_10_centimos_1959_r.jpg	products_image/spain_10_centimos_1959_rl.jpg	10 CENTIMOS	1959	aluminum	f	1959	18	\N	900000000	a	0	16	1	8
110	products_image/spain_5_pesetas_1993_a.jpg	products_image/spain_5_pesetas_1993_al.jpg	products_image/spain_5_pesetas_1993_r.jpg	products_image/spain_5_pesetas_1993_rl.jpg	10 CENTIMOS	1993	brass	xf	3	17.5	\N	372746000	a	0	18	1	8
108	products_image/ir_6_pence_1961_a.jpg	products_image/ir_6_pence_1961_al.jpg	products_image/ir_6_pence_1961_r.jpg	products_image/ir_6_pence_1961_rl.jpg	6 PENCE	1961	cupronickel	v	4.54	20.8	\N	3000000	a	0	14	1	7
107	products_image/ir_6_shilling_1970_a.jpg	products_image/ir_6_shilling_1970_al.jpg	products_image/ir_6_shilling_1970_r.jpg	products_image/ir_6_shilling_1970_rl.jpg	5 PENCE	1970	cupronickel	v	5.66	23.6	\N	10000000	a	0	13	1	7
106	products_image/ger_10_pfenning_1950_G_a.jpg	products_image/ger_10_pfenning_1950_G_al.jpg	products_image/ger_10_pfenning_1950_G_r.jpg	products_image/ger_10_pfenning_1950_G_rl.jpg	10 PFENNING "G"	1950	brass	vf	4	21.5	\N	309045000	a	0	14	1	6
105	products_image/ger_10_pfenning_1950_F_a.jpg	products_image/ger_10_pfenning_1950_F_al.jpg	products_image/ger_10_pfenning_1950_F_r.jpg	products_image/ger_10_pfenning_1950_F_rl.jpg	10 PFENNING "F"	1950	brass	f	4	21.5	\N	584340000	a	0	12	1	6
104	products_image/germany_1_pfenning_1952_a_a.jpg	products_image/germany_1_pfenning_1952_a_al.jpg	products_image/germany_1_pfenning_1952_a_r.jpg	products_image/germany_1_pfenning_1952_a_rl.jpg	1 PFENNING "A"	1952	aluminum	v	0.7	\N	\N	297213000	a	0	16	1	5
103	products_image/germany_5_pfenning_1950_g_a.jpg	products_image/germany_5_pfenning_1950_g_al.jpg	products_image/germany_5_pfenning_1950_g_r.jpg	products_image/germany_5_pfenning_1950_g_rl.jpg	5 PFENNING "G"	1950	brass		3	18.5	\N	180492000	a	0	13	1	6
102	products_image/germany_5_pfenning_1991_j_a.jpg	products_image/germany_5_pfenning_1991_j_al.jpg	products_image/germany_5_pfenning_1991_j_r.jpg	products_image/germany_5_pfenning_1991_j_rl.jpg	5 PFENNING "J"	1991	brass		3	18.5	\N	134400000	a	0	12	1	6
101	products_image/germany_10_pfenning_1976_j_a.jpg	products_image/germany_10_pfenning_1976_j_al.jpg	products_image/germany_10_pfenning_1976_j_r.jpg	products_image/germany_10_pfenning_1976_j_rl.jpg	10 PFENNING "J"	1976	brass	v	4	21.5	\N	66930000	a	0	5	1	6
127	products_image/greece_100_drachmai_1990_a.jpg	products_image/greece_100_drachmai_1990_al.jpg	products_image/greece_100_drachmai_1990_r.jpg	products_image/greece_100_drachmai_1990_rl.jpg	100 DRACHMES	1990	brass	f	10	29.5	\N	\N	a	0	24	1	11
128	products_image/greece_50_drachmai_1988_a.jpg	products_image/greece_50_drachmai_1988_al.jpg	products_image/greece_50_drachmai_1988_r.jpg	products_image/greece_50_drachmai_1988_rl.jpg	50 DRACHMES	1988	brass	f	9	27.5	\N	23589000	a	0	24	1	11
129	products_image/greece_2_drachmai_1978_a.jpg	products_image/greece_2_drachmai_1978_al.jpg	products_image/greece_2_drachmai_1978_r.jpg	products_image/greece_2_drachmai_1978_rl.jpg	2 DRACHMAI	1978	brass	vf	6	24	\N	16772000	a	0	24	1	11
130	products_image/greece_5_drachmai_1994_a.jpg	products_image/greece_5_drachmai_1994_al.jpg	products_image/greece_5_drachmai_1994_r.jpg	products_image/greece_5_drachmai_1994_rl.jpg	5 DRACHMES	1994	cupronickel	vf	5.5	22.5	\N	\N	a	0	24	1	11
126	products_image/yugoslavia_20_dinara_1955_a.jpg	products_image/yugoslavia_20_dinara_1955_al.jpg	products_image/yugoslavia_20_dinara_1955_r.jpg	products_image/yugoslavia_20_dinara_1955_rl.jpg	20 PARA	1955	bronze	f	6	23	\N	\N	a	0	23	1	10
100	products_image/germany_10_pfenning_1994_j_a.jpg	products_image/germany_10_pfenning_1994_j_al.jpg	products_image/germany_10_pfenning_1994_j_r.jpg	products_image/germany_10_pfenning_1994_j_rl.jpg	10 PFENNING "J"	1994	brass	f	4	21.5	\N	105000000	a	0	3	1	6
74	products_image/france_5_frank_1945_a.jpg	products_image/france_5_frank_1945_al.jpg	products_image/france_5_frank_1945_r.jpg	products_image/france_5_frank_1945_rl.jpg	5 FRANKS	1945	aluminum	f	3.75	31	22	95398000	a	0	16	1	4
131	products_image/belgium_20_francs_1982_a.jpg	products_image/belgium_20_francs_1982_al.jpg	products_image/belgium_20_francs_1982_r.jpg	products_image/belgium_20_francs_1982_rl.jpg	20 FRANCS "BELGIQVE"	1982	bronze	vf	8.4	25.53	\N	54000000	a	0	25	1	2
132	products_image/belgium_20_francs_1981_a.jpg	products_image/belgium_20_francs_1981_al.jpg	products_image/belgium_20_francs_1981_r.jpg	products_image/belgium_20_francs_1981_rl.jpg	20 FRANCS "BELGIE"	1981	bronze		8.56	25.65	\N	60000000	a	0	26	1	2
133	products_image/it_200_l_1988_a.jpg	products_image/it_200_l_1988_al.jpg	products_image/it_200_l_1988_r.jpg	products_image/it_200_l_1988_rl.jpg	200 lire	1988	cupronickel	xf	5	24	\N	37000000	a	0	18	1	12
134	products_image/it_50_l_1979_a.jpg	products_image/it_50_l_1979_al.jpg	products_image/it_50_l_1979_r.jpg	products_image/it_50_l_1979_rl.jpg	50 lire	1979	cupronickel	f	6.25	24.8	\N	321086000	a	0	20	1	12
136	products_image/it_10_l_1953_a.jpg	products_image/it_10_l_1953_al.jpg	products_image/it_10_l_1953_r.jpg	products_image/it_10_l_1953_rl.jpg	10 lire	1953	aluminum	f	1.6	23.25	\N	151500000	a	0	19	1	12
135	products_image/it_10_l_1955_a.jpg	products_image/it_10_l_1955_al.jpg	products_image/it_10_l_1955_r.jpg	products_image/it_10_l_1955_rl.jpg	10 lire	1955	aluminum	v	1.6	23.25	\N	274950000	a	0	27	1	12
137	products_image/it_10_l_1952_a.jpg	products_image/it_10_l_1952_al.jpg	products_image/it_10_l_1952_r.jpg	products_image/it_10_l_1952_rl.jpg	10 lire	1952	aluminum	v	1.6	23.25	\N	105150000	a	0	28	1	12
139					100 LIRE	1976	cupronickel	vf	8	27.8	\N	160020000	a	0	29	1	12
145	products_image/au_2_g_1975_a.jpg	products_image/au_2_g_1975_al.jpg	products_image/au_2_g_1975_r.jpg	products_image/au_2_g_1975_rl.jpg	2 GROSCHEN	1975	aluminum	f	0.9	18	\N	1096000	a	0	21	1	9
138	products_image/it_100_l_1977_a.jpg	products_image/it_100_l_1977_al.jpg	products_image/it_100_l_1977_r.jpg	products_image/it_100_l_1977_rl.jpg	100 lire	1977	cupronickel	vf	8	27.8	\N	253980000	a	0	30	1	12
140	products_image/it_100_l_1966_a.jpg	products_image/it_100_l_1966_al.jpg	products_image/it_100_l_1966_r.jpg	products_image/it_100_l_1966_rl.jpg	100 LIRE	1966	cupronickel	f	8	27.8	\N	52500000	a	0	31	1	12
141	products_image/it_100_l_1959_a.jpg	products_image/it_100_l_1959_al.jpg	products_image/it_100_l_1959_r.jpg	products_image/it_100_l_1959_rl.jpg	100 LIRE	1959	cupronickel	f	8	27.8	\N	19500000	a	0	32	1	12
143	products_image/it_100_l_1956_a_5zDKaKM.jpg	products_image/it_100_l_1956_al_3wYQNg9.jpg	products_image/it_100_l_1956_r_MDDHNTF.jpg	products_image/it_100_l_1956_rl_rXP8c2m.jpg	100 LIRE	1956	cupronickel	f	8	27.8	\N	99800000	a	0	34	1	12
142	products_image/it_100_l_1956_a.jpg	products_image/it_100_l_1956_al.jpg	products_image/it_100_l_1956_r.jpg	products_image/it_100_l_1956_rl.jpg	100 LIRE	1956	cupronickel	vf	8	27.8	\N	99800000	a	0	35	1	12
144	products_image/fr_1_f_1949_a.jpg	products_image/fr_1_f_1949_al.jpg	products_image/fr_1_f_1949_r.jpg	products_image/fr_1_f_1949_rl.jpg	1 FRANC	1949	aluminum	vf	1.5	23	\N	41090000	a	0	36	1	4
146	products_image/au_10_g_1971_a.jpg	products_image/au_10_g_1971_al.jpg	products_image/au_10_g_1971_r.jpg	products_image/au_10_g_1971_rl.jpg	10 GROSCHEN	1971	aluminum	f	1.1	20	\N	57450000	a	0	28	1	9
147	products_image/au_50_g_1961_a.jpg	products_image/au_50_g_1961_al.jpg	products_image/au_50_g_1961_r.jpg	products_image/au_50_g_1961_rl.jpg	50 GROSCHEN	1961	brass	vf	3	19.5	\N	14133000	a	0	25	1	9
148	products_image/yu_100_d_1987_a.jpg	products_image/yu_100_d_1987_al.jpg	products_image/yu_100_d_1987_r.jpg	products_image/yu_100_d_1987_rl.jpg	100 DINARA	1987	cupronickel	vf	8.7	29	\N	94069000	a	0	37	1	10
149	products_image/yu_50_p_1994_a.jpg	products_image/yu_50_p_1994_al.jpg	products_image/yu_50_p_1994_r.jpg	products_image/yu_50_p_1994_rl.jpg	50 PARA	1994	brass	vf	\N	\N	\N	45013000	a	0	26	1	10
150	products_image/yu_5_d_1972_a.jpg	products_image/yu_5_d_1972_al.jpg	products_image/yu_5_d_1972_r.jpg	products_image/yu_5_d_1972_rl.jpg	5 DINARA	1972	cupronickel	f	6.9	27.5	\N	27974000	a	0	38	1	10
151	products_image/yu_1_d_1974_a.jpg	products_image/yu_1_d_1974_al.jpg	products_image/yu_1_d_1974_r.jpg	products_image/yu_1_d_1974_rl.jpg	1 DINAR	1974	cupronickel	vf	4	21.8	\N	42724000	a	0	30	1	10
152	products_image/sp_1_p_1980_82_a.jpg	products_image/sp_1_p_1980_82_al.jpg	products_image/sp_1_p_1980_82_r.jpg	products_image/sp_1_p_1980_82_rl.jpg	PESETA "82"	1980	brass	xf	3.5	21	\N	333000000	a	0	29	1	8
153	products_image/sp_25_p_1975_80_a.jpg	products_image/sp_25_p_1975_80_al.jpg	products_image/sp_25_p_1975_80_r.jpg	products_image/sp_25_p_1975_80_rl.jpg	25 PESETAS "80"	1975	cupronickel	vf	8.5	26.5	\N	146000000	a	0	39	1	8
154	products_image/sp_5_p_1975_77_a.jpg	products_image/sp_5_p_1975_77_al.jpg	products_image/sp_5_p_1975_77_r.jpg	products_image/sp_5_p_1975_77_rl.jpg	5 PESETAS "77"	1975	cupronickel	v	5.75	23	\N	154982000	a	0	33	1	8
155	products_image/sp_1_p_1953_a.jpg	products_image/sp_1_p_1953_al.jpg	products_image/sp_1_p_1953_r.jpg	products_image/sp_1_p_1953_rl.jpg	PESETA	1953	brass	v	3.5	21	\N	\N	a	0	23	1	8
156	products_image/sp_5_p_1957_65_a.jpg	products_image/sp_5_p_1957_65_al.jpg	products_image/sp_5_p_1957_65_r.jpg	products_image/sp_5_p_1957_65_rl.jpg	5 PESETAS "65"	1957	cupronickel	v	5.75	23	\N	25000000	a	0	25	1	8
157	products_image/sp_5_p_1957_65_a_4s9gT4H.jpg	products_image/sp_5_p_1957_65_al_prHceDI.jpg	products_image/sp_5_p_1957_65_r_fw8uAPD.jpg	products_image/sp_5_p_1957_65_rl_pv0o4t2.jpg	5 PESETAS "65"	1957	cupronickel	f	5.75	23	\N	25000000	a	0	26	1	8
\.


--
-- Data for Name: coins_continent; Type: TABLE DATA; Schema: public; Owner: danyil
--

COPY public.coins_continent (id, name) FROM stdin;
1	Europe
\.


--
-- Data for Name: coins_country; Type: TABLE DATA; Schema: public; Owner: danyil
--

COPY public.coins_country (id, name, continent_id) FROM stdin;
1	Great Britain	1
2	Belgium	1
3	Ukraine	1
4	France	1
5	Germany, Democratic Republic	1
6	Germany, Federal Republic	1
7	Ireland Republic	1
8	Spain	1
9	Austria	1
10	Yugoslavia	1
11	Greece	1
12	Italy	1
13	Yugoslavia (Federal Republic)	1
\.


--
-- Data for Name: coins_message; Type: TABLE DATA; Schema: public; Owner: danyil
--

COPY public.coins_message (id, text, created, is_read, topic, author_id, recipient_id) FROM stdin;
\.


--
-- Data for Name: coins_multioffer; Type: TABLE DATA; Schema: public; Owner: danyil
--

COPY public.coins_multioffer (id, status, created, author_id, responder_id) FROM stdin;
\.


--
-- Data for Name: coins_multioffer_coins_to_get; Type: TABLE DATA; Schema: public; Owner: danyil
--

COPY public.coins_multioffer_coins_to_get (id, multioffer_id, coin_id) FROM stdin;
\.


--
-- Data for Name: coins_multioffer_coins_to_give; Type: TABLE DATA; Schema: public; Owner: danyil
--

COPY public.coins_multioffer_coins_to_give (id, multioffer_id, coin_id) FROM stdin;
\.


--
-- Data for Name: coins_offer; Type: TABLE DATA; Schema: public; Owner: danyil
--

COPY public.coins_offer (id, status, created, author_id, coin_to_get_id, coin_to_give_id, responder_id) FROM stdin;
\.


--
-- Data for Name: coins_userprofile; Type: TABLE DATA; Schema: public; Owner: danyil
--

COPY public.coins_userprofile (id, user_pic, phone, postcode, addres, city, user_id) FROM stdin;
\.


--
-- Data for Name: django_admin_log; Type: TABLE DATA; Schema: public; Owner: danyil
--

COPY public.django_admin_log (id, action_time, object_id, object_repr, action_flag, change_message, content_type_id, user_id) FROM stdin;
1	2024-09-01 10:46:33.817308+00	1	Europe	1	[{"added": {}}]	13	1
2	2024-09-01 10:46:35.375569+00	1	Great Britain	1	[{"added": {}}]	14	1
3	2024-09-01 10:51:58.057347+00	1	A-1-1	1	[{"added": {}}]	9	1
4	2024-09-01 10:52:04.901815+00	1	Great Britain - 50 pence - 2017	1	[{"added": {}}]	11	1
5	2024-09-01 11:01:02.619877+00	2	Great Britain - 6 pence - 1956	1	[{"added": {}}]	11	1
6	2024-09-01 11:02:45.229331+00	3	Great Britain - 6 pence - 1955	1	[{"added": {}}]	11	1
7	2024-09-01 11:04:54.700853+00	4	Great Britain - 6 pence - 1951	1	[{"added": {}}]	11	1
8	2024-09-01 11:07:05.121717+00	5	Great Britain - 6 pence - 1947	1	[{"added": {}}]	11	1
9	2024-09-01 11:09:16.860441+00	6	Great Britain - 3 pence - 1943	1	[{"added": {}}]	11	1
10	2024-09-01 11:10:34.569252+00	7	Great Britain - 3 pence - 1942	1	[{"added": {}}]	11	1
11	2024-09-01 11:12:24.296746+00	8	Great Britain - 2 shilings - 1963	1	[{"added": {}}]	11	1
12	2024-09-01 11:45:26.573138+00	2	A-1-2	1	[{"added": {}}]	9	1
13	2024-09-01 11:45:33.851624+00	9	Great Britain - 1 penny - 1916	1	[{"added": {}}]	11	1
14	2024-09-01 11:47:30.550462+00	10	Great Britain - 6 pence - 1964	1	[{"added": {}}]	11	1
15	2024-09-01 11:51:39.300129+00	11	Great Britain - 6 pence - 1958	1	[{"added": {}}]	11	1
16	2024-09-01 11:53:26.499085+00	12	Great Britain - 6 pence - 1962	1	[{"added": {}}]	11	1
17	2024-09-01 11:55:09.87053+00	13	Great Britain - 6 pence - 1961	1	[{"added": {}}]	11	1
18	2024-09-01 11:56:57.73638+00	14	Great Britain - 6 pence - 1948	1	[{"added": {}}]	11	1
19	2024-09-01 11:58:43.255264+00	15	Great Britain - 3 pence - 1944	1	[{"added": {}}]	11	1
20	2024-09-01 12:00:15.458989+00	16	Great Britain - 3 pence - 1942	1	[{"added": {}}]	11	1
21	2024-09-01 12:31:56.14863+00	3	A-1-3	1	[{"added": {}}]	9	1
22	2024-09-01 12:32:05.081088+00	17	Great Britain - 6 pence - 1951	1	[{"added": {}}]	11	1
23	2024-09-01 12:34:13.151871+00	18	Great Britain - 6 pence - 1957	1	[{"added": {}}]	11	1
24	2024-09-01 12:35:44.869332+00	19	Great Britain - 6 pence - 1961	1	[{"added": {}}]	11	1
25	2024-09-01 12:37:35.68537+00	20	Great Britain - 6 pence - 1962	1	[{"added": {}}]	11	1
26	2024-09-01 12:39:11.050946+00	21	Great Britain - 6 pence - 1965	1	[{"added": {}}]	11	1
27	2024-09-01 12:40:37.876795+00	22	Great Britain - 6 pence - 1967	1	[{"added": {}}]	11	1
28	2024-09-01 13:06:25.876437+00	23	Great Britain - 3 pence - 1953	1	[{"added": {}}]	11	1
29	2024-09-01 13:08:36.243717+00	4	A-1-4	1	[{"added": {}}]	9	1
30	2024-09-01 13:08:42.544475+00	24	Great Britain - 3 pence - 1955	1	[{"added": {}}]	11	1
31	2024-09-01 13:10:05.853009+00	25	Great Britain - 3 pence - 1956	1	[{"added": {}}]	11	1
32	2024-09-01 13:11:24.341761+00	26	Great Britain - 3 pence - 1958	1	[{"added": {}}]	11	1
33	2024-09-01 13:12:55.419945+00	27	Great Britain - 3 pence - 1960	1	[{"added": {}}]	11	1
34	2024-09-01 13:22:46.461813+00	23	Great Britain - 3 pence - 1953	2	[{"changed": {"fields": ["Img front", "Img back", "Img add 1", "Img add 2"]}}]	11	1
35	2024-09-01 13:23:24.692935+00	24	Great Britain - 3 pence - 1955	2	[{"changed": {"fields": ["Img front", "Img back", "Img add 1", "Img add 2"]}}]	11	1
36	2024-09-01 13:23:50.275182+00	25	Great Britain - 3 pence - 1956	2	[{"changed": {"fields": ["Img front", "Img back", "Img add 1", "Img add 2"]}}]	11	1
37	2024-09-01 13:24:18.063735+00	26	Great Britain - 3 pence - 1958	2	[{"changed": {"fields": ["Img front", "Img back", "Img add 1", "Img add 2"]}}]	11	1
38	2024-09-01 13:24:44.558575+00	27	Great Britain - 3 pence - 1960	2	[{"changed": {"fields": ["Img front", "Img back", "Img add 1", "Img add 2"]}}]	11	1
39	2024-09-01 13:26:51.385877+00	28	Great Britain - 6 pence - 1957	1	[{"added": {}}]	11	1
40	2024-09-01 13:28:54.901945+00	29	Great Britain - 6 pence - 1962	1	[{"added": {}}]	11	1
41	2024-09-01 13:30:26.353733+00	30	Great Britain - 6 pence - 1965	1	[{"added": {}}]	11	1
42	2024-09-01 13:35:13.543696+00	31	Great Britain - 6 pence - 1965	1	[{"added": {}}]	11	1
43	2024-09-01 13:35:31.222777+00	5	A-1-5	1	[{"added": {}}]	9	1
44	2024-09-01 13:35:33.47713+00	31	Great Britain - 6 pence - 1965	2	[{"changed": {"fields": ["Box", "Views counter"]}}]	11	1
45	2024-09-01 13:35:59.384055+00	27	Great Britain - 3 pence - 1960	2	[{"changed": {"fields": ["Box"]}}]	11	1
46	2024-09-01 13:36:16.24449+00	29	Great Britain - 6 pence - 1962	2	[{"changed": {"fields": ["Box"]}}]	11	1
47	2024-09-01 14:41:57.65048+00	2	Belgium	1	[{"added": {}}]	14	1
48	2024-09-01 14:44:55.896736+00	32	Belgium - 1 franc "belgique'' - 1975	1	[{"added": {}}]	11	1
49	2024-09-01 14:47:21.044618+00	6	A-1-6	1	[{"added": {}}]	9	1
50	2024-09-01 14:47:31.145765+00	33	Belgium - 1 franc "belgique'' - 1973	1	[{"added": {}}]	11	1
51	2024-09-01 14:49:28.124667+00	34	Belgium - 1 franc "belgique'' - 1967	1	[{"added": {}}]	11	1
52	2024-09-01 14:51:51.071105+00	7	A-1-7	1	[{"added": {}}]	9	1
53	2024-09-01 14:51:59.061399+00	35	Belgium - 1 franc "belgique'' - 1962	1	[{"added": {}}]	11	1
54	2024-09-01 14:53:52.282201+00	36	Belgium - 1 franc "belgique'' - 1961	1	[{"added": {}}]	11	1
55	2024-09-01 14:55:33.68123+00	8	A-1-8	1	[{"added": {}}]	9	1
56	2024-09-01 14:55:39.537196+00	37	Belgium - 1 franc "belgique'' - 1958	1	[{"added": {}}]	11	1
57	2024-09-01 14:57:22.768861+00	38	Belgium - 1 franc "belgique'' - 1951	1	[{"added": {}}]	11	1
58	2024-09-01 14:59:14.346248+00	9	A-1-9	1	[{"added": {}}]	9	1
59	2024-09-01 14:59:20.767142+00	39	Belgium - 1 franc "belgie'' - 1988	1	[{"added": {}}]	11	1
60	2024-09-01 15:00:41.988811+00	40	Belgium - 1 franc "belgie'' - 1974	1	[{"added": {}}]	11	1
61	2024-09-01 15:46:01.225861+00	3	Ukraine	1	[{"added": {}}]	14	1
62	2024-09-01 15:48:00.687758+00	41	Ukraine - 10 kopiyok - 1996	1	[{"added": {}}]	11	1
63	2024-09-01 15:50:28.02439+00	42	Ukraine - 10 kopiyok - 2009	1	[{"added": {}}]	11	1
64	2024-09-01 15:52:10.962596+00	43	Ukraine - 10 kopiyok - 2011	1	[{"added": {}}]	11	1
65	2024-09-01 15:57:47.345663+00	44	Ukraine - 10 kopiyok - 2011	1	[{"added": {}}]	11	1
66	2024-09-01 15:59:33.412389+00	45	Ukraine - 10 kopiyok - 2009	1	[{"added": {}}]	11	1
67	2024-09-01 16:03:47.942153+00	46	Ukraine - 50 kopiyok - 2018	1	[{"added": {}}]	11	1
68	2024-09-01 16:05:29.896129+00	47	Ukraine - 50 kopiyok - 1992	1	[{"added": {}}]	11	1
69	2024-09-01 16:07:03.757504+00	48	Ukraine - 50 kopiyok - 2007	1	[{"added": {}}]	11	1
70	2024-09-01 16:57:18.117073+00	4	France	1	[{"added": {}}]	14	1
71	2024-09-01 16:59:24.161128+00	49	France - 20 centimes - 1963	1	[{"added": {}}]	11	1
72	2024-09-01 17:01:00.826181+00	50	France - 20 centimes - 1968	1	[{"added": {}}]	11	1
73	2024-09-01 17:01:20.381157+00	50	France - 20 centimes - 1968	2	[{"changed": {"fields": ["Box"]}}]	11	1
74	2024-09-01 17:03:16.032639+00	51	France - 20 centimes - 1969	1	[{"added": {}}]	11	1
75	2024-09-01 17:04:53.808253+00	52	France - 20 centimes - 1981	1	[{"added": {}}]	11	1
76	2024-09-01 17:06:50.057934+00	53	France - 20 centimes - 1989	1	[{"added": {}}]	11	1
77	2024-09-01 17:19:41.972382+00	54	France - 20 centimes - 1996	1	[{"added": {}}]	11	1
78	2024-09-01 17:21:17.075863+00	54	France - 20 centimes - 1996	2	[{"changed": {"fields": ["Img front", "Img back", "Img add 1", "Img add 2", "Box"]}}]	11	1
79	2024-09-01 17:23:19.023214+00	55	France - 20 centimes - 1997	1	[{"added": {}}]	11	1
80	2024-09-01 17:23:21.585168+00	55	France - 20 centimes - 1997	2	[]	11	1
81	2024-09-01 19:50:08.800304+00	56	France - 10 franks - 1989	1	[{"added": {}}]	11	1
82	2024-09-01 19:52:06.422688+00	57	France - 10 franks - 1980	1	[{"added": {}}]	11	1
83	2024-09-01 19:53:57.039044+00	58	France - 1 frank - 1960	1	[{"added": {}}]	11	1
84	2024-09-01 19:56:38.779994+00	59	France - 5 centimes - 1978	1	[{"added": {}}]	11	1
85	2024-09-01 19:58:26.966073+00	60	France - 5 centimes - 1988	1	[{"added": {}}]	11	1
86	2024-09-01 20:00:17.17562+00	61	France - 5 centimes - 1998	1	[{"added": {}}]	11	1
87	2024-09-01 20:14:19.238126+00	62	France - 10 centimes - 1962	1	[{"added": {}}]	11	1
88	2024-09-01 20:16:09.040032+00	63	France - 10 centimes - 1963	1	[{"added": {}}]	11	1
89	2024-09-01 20:18:06.561607+00	10	A-1-10	1	[{"added": {}}]	9	1
90	2024-09-01 20:18:18.541742+00	64	France - 10 centimes - 1964	1	[{"added": {}}]	11	1
91	2024-09-01 20:20:18.14338+00	11	A-1-11	1	[{"added": {}}]	9	1
92	2024-09-01 20:20:27.434566+00	65	France - 10 centimes - 1967	1	[{"added": {}}]	11	1
93	2024-09-01 20:31:17.321417+00	62	France - 10 centimes - 1962	2	[{"changed": {"fields": ["Img front", "Img back", "Img add 1", "Img add 2"]}}]	11	1
94	2024-09-01 20:32:15.435827+00	63	France - 10 centimes - 1963	2	[{"changed": {"fields": ["Img front", "Img back", "Img add 1", "Img add 2"]}}]	11	1
95	2024-09-01 20:32:53.60551+00	64	France - 10 centimes - 1964	2	[{"changed": {"fields": ["Img front", "Img back", "Img add 1", "Img add 2"]}}]	11	1
96	2024-09-01 20:33:30.47333+00	65	France - 10 centimes - 1967	2	[{"changed": {"fields": ["Img front", "Img back", "Img add 1", "Img add 2"]}}]	11	1
97	2024-09-01 20:35:58.513692+00	12	A-1-12	1	[{"added": {}}]	9	1
98	2024-09-01 20:36:04.451341+00	66	France - 10 centimes - 1974	1	[{"added": {}}]	11	1
99	2024-09-01 20:38:12.669033+00	13	A-1-13	1	[{"added": {}}]	9	1
100	2024-09-01 20:38:26.421853+00	67	France - 10 centimes - 1978	1	[{"added": {}}]	11	1
101	2024-09-01 20:40:00.68475+00	14	A-1-14	1	[{"added": {}}]	9	1
102	2024-09-01 20:40:13.545612+00	68	France - 10 centimes - 1979	1	[{"added": {}}]	11	1
103	2024-09-01 20:42:18.559634+00	15	A-1-15	1	[{"added": {}}]	9	1
104	2024-09-01 20:42:25.344754+00	69	France - 10 centimes - 1984	1	[{"added": {}}]	11	1
105	2024-09-01 20:44:21.194734+00	70	France - 10 centimes - 1998	1	[{"added": {}}]	11	1
106	2024-09-01 20:46:07.305962+00	71	France - 10 centimes - 1963	1	[{"added": {}}]	11	1
107	2024-09-02 13:21:59.356738+00	72	France - 5 franks - 1971	1	[{"added": {}}]	11	1
108	2024-09-02 13:21:59.358879+00	73	France - 5 franks - 1971	1	[{"added": {}}]	11	1
109	2024-09-02 13:22:21.226348+00	73	France - 5 franks - 1971	3		11	1
110	2024-09-02 13:30:40.216257+00	16	B-1-1	1	[{"added": {}}]	9	1
111	2024-09-02 13:30:45.487567+00	74	France - 5 franks - 1945	1	[{"added": {}}]	11	1
112	2024-09-02 13:33:11.163282+00	75	France - 1 franc - 1985	1	[{"added": {}}]	11	1
113	2024-09-02 13:34:54.472268+00	76	France - 1 frank - 1975	1	[{"added": {}}]	11	1
114	2024-09-02 13:36:40.310478+00	77	France - 1 frank - 1960	1	[{"added": {}}]	11	1
115	2024-09-02 13:40:22.961916+00	78	France - 1 frank - 1960	1	[{"added": {}}]	11	1
116	2024-09-02 13:42:33.758311+00	79	France - 1/2 franc - 1997	1	[{"added": {}}]	11	1
117	2024-09-02 13:44:50.544648+00	80	France - 5 franks - 1972	1	[{"added": {}}]	11	1
118	2024-09-02 13:46:54.936298+00	81	France - 10 centimes - 1967	1	[{"added": {}}]	11	1
119	2024-09-02 14:42:55.60795+00	82	Great Britain - 10 pence - 1977	1	[{"added": {}}]	11	1
120	2024-09-02 14:44:58.498365+00	83	Great Britain - 10 pence - 1975	1	[{"added": {}}]	11	1
121	2024-09-02 14:46:37.582603+00	84	Great Britain - 10 pence - 1968	1	[{"added": {}}]	11	1
122	2024-09-02 14:48:33.774947+00	85	Great Britain - 5 pence - 1980	1	[{"added": {}}]	11	1
123	2024-09-02 14:50:59.902172+00	86	Great Britain - 1 shlling - 1956	1	[{"added": {}}]	11	1
124	2024-09-02 15:02:27.908026+00	87	Great Britain - 2 shillings - 1966	1	[{"added": {}}]	11	1
125	2024-09-02 15:04:58.750048+00	87	Great Britain - 2 shillings - 1966	2	[{"changed": {"fields": ["Img add 1"]}}]	11	1
126	2024-09-02 15:05:24.074588+00	87	Great Britain - 2 shillings - 1966	2	[]	11	1
127	2024-09-02 15:07:35.823594+00	88	Great Britain - 2 shillings - 1962	1	[{"added": {}}]	11	1
128	2024-09-02 15:09:29.78162+00	8	Great Britain - 2 shillings - 1963	2	[{"changed": {"fields": ["Denomination"]}}]	11	1
129	2024-09-02 15:11:43.271835+00	89	Great Britain - 2 shillings - 1950	1	[{"added": {}}]	11	1
130	2024-09-02 15:13:01.408897+00	90	Great Britain - 2 shillings - 1948	1	[{"added": {}}]	11	1
131	2024-09-02 15:14:52.004229+00	91	Great Britain - 1 shilling - 1956	1	[{"added": {}}]	11	1
132	2024-09-02 15:16:00.324105+00	86	Great Britain - 1 shlling - 1956	2	[{"changed": {"fields": ["Circulation"]}}]	11	1
133	2024-09-02 15:33:52.792048+00	92	Great Britain - 1 shilling - 1963	1	[{"added": {}}]	11	1
134	2024-09-02 15:35:39.304855+00	93	Great Britain - 1 shilling - 1962	1	[{"added": {}}]	11	1
135	2024-09-02 15:37:19.014623+00	94	Great Britain - 1 shilling - 1961	1	[{"added": {}}]	11	1
136	2024-09-02 15:41:46.923614+00	17	X-1	1	[{"added": {}}]	9	1
137	2024-09-02 15:41:52.203562+00	95	Great Britain - 1/2 crown - 1955	1	[{"added": {}}]	11	1
138	2024-09-02 15:43:52.487958+00	96	Great Britain - 1 shilling - 1956	1	[{"added": {}}]	11	1
139	2024-09-02 15:50:22.977841+00	91	Great Britain - 1 shilling - 1956	2	[]	11	1
140	2024-09-02 15:52:29.768762+00	97	Great Britain - 1 shilling - 1955	1	[{"added": {}}]	11	1
141	2024-09-02 15:54:00.158485+00	98	Great Britain - 1 shilling - 1954	1	[{"added": {}}]	11	1
142	2024-09-02 15:56:43.102133+00	97	Great Britain - 1 shilling - 1955	2	[{"changed": {"fields": ["Circulation"]}}]	11	1
143	2024-09-02 15:57:52.893691+00	86	Great Britain - 1 shilling - 1956	2	[{"changed": {"fields": ["Denomination"]}}]	11	1
144	2024-09-02 15:59:35.413166+00	94	Great Britain - 1 shilling - 1961	2	[{"changed": {"fields": ["Circulation"]}}]	11	1
145	2024-09-02 16:01:19.816204+00	86	Great Britain - 1 shilling - 1956	2	[{"changed": {"fields": ["Circulation"]}}]	11	1
146	2024-09-02 16:03:44.1702+00	93	Great Britain - 1 shilling - 1962	2	[{"changed": {"fields": ["Circulation"]}}]	11	1
147	2024-09-02 16:05:28.503991+00	99	Great Britain - 1 shilling - 1953	1	[{"added": {}}]	11	1
148	2024-09-02 16:54:59.928462+00	5	Germany, Democratic Republic	1	[{"added": {}}]	14	1
149	2024-09-02 16:57:16.970693+00	6	Germany, Federal Republic	1	[{"added": {}}]	14	1
150	2024-09-02 16:58:57.009228+00	100	Germany, Federal Republic - 10 pfennig "J" - 1994	1	[{"added": {}}]	11	1
151	2024-09-02 17:00:39.547226+00	101	Germany, Federal Republic - 10 pfennig "J" - 1976	1	[{"added": {}}]	11	1
152	2024-09-02 17:02:24.278107+00	102	Germany, Federal Republic - 5 pfennig "J" - 1991	1	[{"added": {}}]	11	1
153	2024-09-02 17:07:11.445406+00	103	Germany, Federal Republic - 5 pfennig "G" - 1950	1	[{"added": {}}]	11	1
154	2024-09-02 17:10:19.200723+00	104	Germany, Democratic Republic - 1 pfennig "A" - 1952	1	[{"added": {}}]	11	1
155	2024-09-02 17:17:56.002754+00	105	Germany, Federal Republic - 10 pfennig "F" - 1950	1	[{"added": {}}]	11	1
156	2024-09-02 17:19:29.268813+00	106	Germany, Federal Republic - 10 pfennig "G" - 1950	1	[{"added": {}}]	11	1
157	2024-09-02 17:26:35.798603+00	7	Ireland Republic	1	[{"added": {}}]	14	1
158	2024-09-02 17:29:09.146731+00	107	Ireland Republic - 5 pence - 1970	1	[{"added": {}}]	11	1
159	2024-09-02 17:31:04.921969+00	108	Ireland Republic - 6 pence - 1961	1	[{"added": {}}]	11	1
160	2024-09-02 19:23:57.314424+00	8	Spain	1	[{"added": {}}]	14	1
161	2024-09-02 19:26:09.038728+00	109	Spain - 10 centimos - 1959	1	[{"added": {}}]	11	1
162	2024-09-02 19:31:29.142091+00	18	C-1-1	1	[{"added": {}}]	9	1
163	2024-09-02 19:31:41.64369+00	110	Spain - 10 centimos - 1993	1	[{"added": {}}]	11	1
164	2024-09-02 19:33:17.436455+00	111	Spain - 1 peseta - 1997	1	[{"added": {}}]	11	1
165	2024-09-02 19:35:36.510966+00	19	B-1-2	1	[{"added": {}}]	9	1
166	2024-09-02 19:36:01.55421+00	112	Spain - 1 peseta - 1992	1	[{"added": {}}]	11	1
167	2024-09-02 19:37:14.340345+00	113	Spain - 1 peseta - 1989	1	[{"added": {}}]	11	1
168	2024-09-02 19:59:41.230109+00	20	C-1-2	1	[{"added": {}}]	9	1
169	2024-09-02 19:59:49.127738+00	114	Spain - 25 pestas - 1995	1	[{"added": {}}]	11	1
170	2024-09-02 20:01:45.570421+00	21	C-1-3	1	[{"added": {}}]	9	1
171	2024-09-02 20:01:50.479992+00	115	Spain - 25 pestas - 1991	1	[{"added": {}}]	11	1
172	2024-09-02 20:03:49.924763+00	22	C-1-4	1	[{"added": {}}]	9	1
173	2024-09-02 20:03:57.478665+00	116	Spain - 5 pesetas - 1997	1	[{"added": {}}]	11	1
174	2024-09-02 20:07:33.682838+00	117	Spain - 5 pesetas "81" - 1980	1	[{"added": {}}]	11	1
175	2024-09-02 20:09:09.899028+00	118	Spain - 5 pesetas "79" - 1975	1	[{"added": {}}]	11	1
176	2024-09-02 20:31:02.841486+00	119	Spain - peseta "78-79" - 1975	1	[{"added": {}}]	11	1
177	2024-09-02 20:32:51.638555+00	120	Spain - 100 pesetas - 1984	1	[{"added": {}}]	11	1
178	2024-09-02 20:34:45.948258+00	121	Spain - 5 pesetas - 1992	1	[{"added": {}}]	11	1
179	2024-09-02 20:38:29.306267+00	122	Spain - 5 pesetas - 1982	1	[{"added": {}}]	11	1
180	2024-09-02 20:40:30.314391+00	23	C-1-5	1	[{"added": {}}]	9	1
181	2024-09-02 20:40:35.846753+00	123	Spain - 5 pesetas "78" - 1975	1	[{"added": {}}]	11	1
182	2024-09-02 20:46:28.746105+00	124	Spain - 500 pesetas - 1990	1	[{"added": {}}]	11	1
183	2024-09-02 20:51:29.307553+00	9	Austria	1	[{"added": {}}]	14	1
184	2024-09-02 20:52:43.927937+00	125	Austria - Shilling - 1976	1	[{"added": {}}]	11	1
185	2024-09-02 20:57:33.200309+00	10	Yugoslavia	1	[{"added": {}}]	14	1
186	2024-09-02 21:00:15.957587+00	126	Yugoslavia - 20 para - 1955	1	[{"added": {}}]	11	1
187	2024-09-02 21:01:53.92802+00	126	Yugoslavia - 20 para - 1955	2	[{"changed": {"fields": ["Diameter"]}}]	11	1
188	2024-09-02 21:12:28.394419+00	11	Greece	1	[{"added": {}}]	14	1
189	2024-09-02 21:14:21.82374+00	24	C-1-6	1	[{"added": {}}]	9	1
190	2024-09-02 21:14:27.918714+00	127	Greece - 100 DRACHMES - 1990	1	[{"added": {}}]	11	1
191	2024-09-02 21:16:08.118333+00	128	Greece - 50 DRACHMES - 1988	1	[{"added": {}}]	11	1
192	2024-09-02 21:18:08.921867+00	129	Greece - 2 DRACHMAI - 1978	1	[{"added": {}}]	11	1
193	2024-09-02 21:20:17.487839+00	130	Greece - 5 DRACHMES - 1994	1	[{"added": {}}]	11	1
194	2024-09-02 21:20:36.724445+00	126	Yugoslavia - 20 PARA - 1955	2	[{"changed": {"fields": ["Denomination"]}}]	11	1
195	2024-09-02 21:20:51.001858+00	125	Austria - SHILLING - 1976	2	[{"changed": {"fields": ["Denomination"]}}]	11	1
196	2024-09-02 21:21:02.397078+00	124	Spain - 500 PESETAS - 1990	2	[{"changed": {"fields": ["Denomination"]}}]	11	1
197	2024-09-02 21:21:14.315213+00	123	Spain - 5 PESETAS "78" - 1975	2	[{"changed": {"fields": ["Denomination"]}}]	11	1
198	2024-09-02 21:21:25.415637+00	122	Spain - 5 PESETAS - 1982	2	[{"changed": {"fields": ["Denomination"]}}]	11	1
199	2024-09-02 21:21:35.402057+00	121	Spain - 5 PESETAS - 1992	2	[{"changed": {"fields": ["Denomination"]}}]	11	1
200	2024-09-02 21:21:45.505866+00	120	Spain - 100 PESETAS - 1984	2	[{"changed": {"fields": ["Denomination"]}}]	11	1
201	2024-09-02 21:21:56.549011+00	119	Spain - PESETA "78-79" - 1975	2	[{"changed": {"fields": ["Denomination"]}}]	11	1
202	2024-09-02 21:22:10.437592+00	118	Spain - 5 PESETAS "79" - 1975	2	[{"changed": {"fields": ["Denomination"]}}]	11	1
203	2024-09-02 21:22:22.046843+00	117	Spain - 5 PESETAS "81" - 1980	2	[{"changed": {"fields": ["Denomination"]}}]	11	1
204	2024-09-02 21:22:35.952596+00	116	Spain - 5 PESETAS - 1997	2	[{"changed": {"fields": ["Denomination"]}}]	11	1
205	2024-09-02 21:23:03.917218+00	115	Spain - 25 PESETAS - 1991	2	[{"changed": {"fields": ["Denomination"]}}]	11	1
206	2024-09-02 21:23:12.968563+00	114	Spain - 25 PESETAS - 1995	2	[{"changed": {"fields": ["Denomination"]}}]	11	1
207	2024-09-02 21:23:22.367462+00	113	Spain - 1 PESETA - 1989	2	[{"changed": {"fields": ["Denomination"]}}]	11	1
208	2024-09-02 21:23:31.608706+00	112	Spain - 1 PESETA - 1992	2	[{"changed": {"fields": ["Denomination"]}}]	11	1
209	2024-09-02 21:23:40.162493+00	111	Spain - 1 PESETA - 1997	2	[{"changed": {"fields": ["Denomination"]}}]	11	1
210	2024-09-02 21:23:52.44367+00	110	Spain - 10 centimos - 1993	2	[]	11	1
211	2024-09-02 21:24:27.895164+00	110	Spain - 10 CENTIMOS - 1993	2	[{"changed": {"fields": ["Denomination"]}}]	11	1
212	2024-09-02 21:24:40.836184+00	109	Spain - 10 CENTIMOS - 1959	2	[{"changed": {"fields": ["Denomination"]}}]	11	1
213	2024-09-02 21:24:54.308233+00	108	Ireland Republic - 6 PENCE - 1961	2	[{"changed": {"fields": ["Denomination"]}}]	11	1
214	2024-09-02 21:25:06.041162+00	107	Ireland Republic - 5 PENCE - 1970	2	[{"changed": {"fields": ["Denomination"]}}]	11	1
215	2024-09-02 21:25:26.217585+00	106	Germany, Federal Republic - 10 PFENNING "G" - 1950	2	[{"changed": {"fields": ["Denomination"]}}]	11	1
216	2024-09-02 21:25:41.490826+00	105	Germany, Federal Republic - 10 PFENNING "F" - 1950	2	[{"changed": {"fields": ["Denomination"]}}]	11	1
217	2024-09-02 21:26:03.354585+00	104	Germany, Democratic Republic - 1 PFENNING "A" - 1952	2	[{"changed": {"fields": ["Denomination"]}}]	11	1
218	2024-09-02 21:26:18.364888+00	103	Germany, Federal Republic - 5 PFENNING "G" - 1950	2	[{"changed": {"fields": ["Denomination"]}}]	11	1
219	2024-09-02 21:26:33.415818+00	102	Germany, Federal Republic - 5 PFENNING "J" - 1991	2	[{"changed": {"fields": ["Denomination"]}}]	11	1
220	2024-09-02 21:26:48.228306+00	101	Germany, Federal Republic - 10 PFENNING "J" - 1976	2	[{"changed": {"fields": ["Denomination"]}}]	11	1
221	2024-09-02 21:27:01.454442+00	100	Germany, Federal Republic - 10 PFENNING "J" - 1994	2	[{"changed": {"fields": ["Denomination"]}}]	11	1
222	2024-09-02 21:27:22.07431+00	99	Great Britain - 1 SHILLING - 1953	2	[{"changed": {"fields": ["Denomination"]}}]	11	1
223	2024-09-02 21:27:29.559405+00	98	Great Britain - 1 SHILLING - 1954	2	[{"changed": {"fields": ["Denomination"]}}]	11	1
224	2024-09-02 21:27:35.467196+00	97	Great Britain - 1 SHILLING - 1955	2	[{"changed": {"fields": ["Denomination"]}}]	11	1
225	2024-09-02 21:27:42.344359+00	96	Great Britain - 1 SHILLING - 1956	2	[{"changed": {"fields": ["Denomination"]}}]	11	1
226	2024-09-02 21:27:54.396684+00	95	Great Britain - 1/2 CROWN - 1955	2	[{"changed": {"fields": ["Denomination"]}}]	11	1
227	2024-09-02 21:28:01.50925+00	94	Great Britain - 1 SHILLING - 1961	2	[{"changed": {"fields": ["Denomination"]}}]	11	1
228	2024-09-02 21:28:09.934132+00	93	Great Britain - 1 SHILLING - 1962	2	[{"changed": {"fields": ["Denomination"]}}]	11	1
229	2024-09-02 21:28:18.086709+00	92	Great Britain - 1 SHILLING - 1963	2	[{"changed": {"fields": ["Denomination"]}}]	11	1
230	2024-09-02 21:28:25.844069+00	91	Great Britain - 1 SHILLING - 1956	2	[{"changed": {"fields": ["Denomination"]}}]	11	1
231	2024-09-02 21:29:34.46295+00	90	Great Britain - 2 SHILLINGS - 1948	2	[{"changed": {"fields": ["Denomination", "Safety"]}}]	11	1
232	2024-09-02 21:30:18.459194+00	89	Great Britain - 2 SHILLINGS - 1950	2	[{"changed": {"fields": ["Denomination", "Safety"]}}]	11	1
233	2024-09-02 21:30:27.544445+00	88	Great Britain - 2 SHILLINGS - 1962	2	[{"changed": {"fields": ["Denomination"]}}]	11	1
234	2024-09-02 21:30:35.494303+00	87	Great Britain - 2 SHILLINGS - 1966	2	[{"changed": {"fields": ["Denomination"]}}]	11	1
235	2024-09-02 21:30:42.800794+00	86	Great Britain - 1 SHILLING - 1956	2	[{"changed": {"fields": ["Denomination"]}}]	11	1
236	2024-09-02 21:31:02.072471+00	85	Great Britain - 5 PENCE - 1980	2	[{"changed": {"fields": ["Denomination"]}}]	11	1
237	2024-09-02 21:31:17.604278+00	85	Great Britain - 5 PENCE - 1980	2	[]	11	1
238	2024-09-02 21:31:30.004201+00	84	Great Britain - 10 PENCE - 1968	2	[{"changed": {"fields": ["Denomination"]}}]	11	1
239	2024-09-02 21:31:39.556063+00	83	Great Britain - 10 PENCE - 1975	2	[{"changed": {"fields": ["Denomination"]}}]	11	1
240	2024-09-02 21:31:47.178867+00	82	Great Britain - 10 PENCE - 1977	2	[{"changed": {"fields": ["Denomination"]}}]	11	1
241	2024-09-02 21:32:04.07903+00	81	France - 10 CENTIMES - 1967	2	[{"changed": {"fields": ["Denomination"]}}]	11	1
242	2024-09-02 21:32:19.143597+00	80	France - 5 FRANKS - 1972	2	[{"changed": {"fields": ["Denomination"]}}]	11	1
243	2024-09-02 21:32:39.657209+00	79	France - 1/2 FRANC - 1997	2	[{"changed": {"fields": ["Denomination"]}}]	11	1
244	2024-09-02 21:32:53.62568+00	78	France - 1 FRANK - 1960	2	[{"changed": {"fields": ["Denomination"]}}]	11	1
245	2024-09-02 21:33:02.796532+00	77	France - 1 FRANK - 1960	2	[{"changed": {"fields": ["Denomination"]}}]	11	1
246	2024-09-02 21:33:10.30794+00	76	France - 1 FRANK - 1975	2	[{"changed": {"fields": ["Denomination"]}}]	11	1
247	2024-09-02 21:33:25.129243+00	75	France - 1 FRANK - 1985	2	[{"changed": {"fields": ["Denomination"]}}]	11	1
248	2024-09-02 21:33:33.450645+00	74	France - 5 FRANKS - 1945	2	[{"changed": {"fields": ["Denomination"]}}]	11	1
249	2024-09-02 21:33:47.831429+00	72	France - 5 FRANKS - 1971	2	[{"changed": {"fields": ["Denomination"]}}]	11	1
250	2024-09-02 21:33:59.885876+00	71	France - 10 CENTIMES - 1963	2	[{"changed": {"fields": ["Denomination"]}}]	11	1
251	2024-09-02 21:34:07.52918+00	70	France - 10 CENTIMES - 1998	2	[{"changed": {"fields": ["Denomination"]}}]	11	1
252	2024-09-02 21:34:15.30286+00	69	France - 10 CENTIMES - 1984	2	[{"changed": {"fields": ["Denomination"]}}]	11	1
253	2024-09-02 21:34:22.273873+00	68	France - 10 CENTIMES - 1979	2	[{"changed": {"fields": ["Denomination"]}}]	11	1
254	2024-09-02 21:34:29.245647+00	67	France - 10 CENTIMES - 1978	2	[{"changed": {"fields": ["Denomination"]}}]	11	1
255	2024-09-02 21:34:39.556833+00	66	France - 10 CENTIMES - 1974	2	[{"changed": {"fields": ["Denomination"]}}]	11	1
256	2024-09-02 21:34:49.222621+00	65	France - 10 CENTIMES - 1967	2	[{"changed": {"fields": ["Denomination"]}}]	11	1
257	2024-09-02 21:34:58.617575+00	64	France - 10 CENTIMES - 1964	2	[{"changed": {"fields": ["Denomination"]}}]	11	1
258	2024-09-02 21:35:12.13444+00	63	France - 10 CENTIMES - 1963	2	[{"changed": {"fields": ["Denomination"]}}]	11	1
259	2024-09-02 21:35:22.056091+00	62	France - 10 CENTIMES - 1962	2	[{"changed": {"fields": ["Denomination"]}}]	11	1
260	2024-09-03 09:10:32.807317+00	25	C-1-7	1	[{"added": {}}]	9	1
261	2024-09-03 09:11:36.483866+00	131	Belgium - 20 FRANCS "BELGIQVE" - 1982	1	[{"added": {}}]	11	1
262	2024-09-03 09:16:26.960962+00	26	C-1-8	1	[{"added": {}}]	9	1
263	2024-09-03 09:16:37.012979+00	132	Belgium - 20 FRANCS "BELGIE" - 1981	1	[{"added": {}}]	11	1
264	2024-09-03 10:02:36.327309+00	12	Italy	1	[{"added": {}}]	14	1
265	2024-09-03 10:03:52.624212+00	133	Italy - 200 lire - 1988	1	[{"added": {}}]	11	1
266	2024-09-03 10:06:02.528314+00	134	Italy - 50 lire - 1979	1	[{"added": {}}]	11	1
267	2024-09-03 10:07:59.998234+00	27	B-1-3	1	[{"added": {}}]	9	1
268	2024-09-03 10:08:12.970152+00	135	Italy - 10 lire - 1955	1	[{"added": {}}]	11	1
269	2024-09-03 10:09:41.976486+00	136	Italy - 10 lire - 1953	1	[{"added": {}}]	11	1
270	2024-09-03 10:10:20.241075+00	135	Italy - 10 lire - 1955	2	[{"changed": {"fields": ["Circulation"]}}]	11	1
271	2024-09-03 10:11:26.23901+00	28	B-1-4	1	[{"added": {}}]	9	1
272	2024-09-03 10:11:28.300766+00	137	Italy - 10 lire - 1952	1	[{"added": {}}]	11	1
273	2024-09-03 10:35:12.543904+00	138	Italy - 100 lire - 1977	1	[{"added": {}}]	11	1
274	2024-09-03 10:37:32.464846+00	29	C-1-10	1	[{"added": {}}]	9	1
275	2024-09-03 10:37:43.184039+00	139	Italy - 100 LIRE - 1976	1	[{"added": {}}]	11	1
276	2024-09-03 10:37:59.318032+00	138	Italy - 100 lire - 1977	2	[]	11	1
277	2024-09-03 10:38:17.754211+00	30	C-1-9	1	[{"added": {}}]	9	1
278	2024-09-03 10:38:26.899637+00	138	Italy - 100 lire - 1977	2	[{"changed": {"fields": ["Box"]}}]	11	1
279	2024-09-03 10:39:53.346282+00	31	C-1-11	1	[{"added": {}}]	9	1
280	2024-09-03 10:40:02.480106+00	140	Italy - 100 LIRE - 1966	1	[{"added": {}}]	11	1
281	2024-09-03 10:41:25.070432+00	32	C-1-12	1	[{"added": {}}]	9	1
282	2024-09-03 10:41:36.058156+00	141	Italy - 100 LIRE - 1959	1	[{"added": {}}]	11	1
283	2024-09-03 10:42:54.514386+00	33	C-1-13	1	[{"added": {}}]	9	1
284	2024-09-03 10:42:56.966345+00	142	Italy - 100 LIRE - 1956	1	[{"added": {}}]	11	1
285	2024-09-03 11:02:34.891916+00	34	C-1-14	1	[{"added": {}}]	9	1
286	2024-09-03 11:02:41.443747+00	143	Italy - 100 LIRE - 1956	1	[{"added": {}}]	11	1
287	2024-09-03 11:03:00.952268+00	35	C-1-15	1	[{"added": {}}]	9	1
288	2024-09-03 11:03:02.939246+00	142	Italy - 100 LIRE - 1956	2	[{"changed": {"fields": ["Box"]}}]	11	1
289	2024-09-03 11:05:13.139361+00	36	B-1-5	1	[{"added": {}}]	9	1
290	2024-09-03 11:05:14.971661+00	144	France - 1 FRANC - 1949	1	[{"added": {}}]	11	1
291	2024-09-03 11:08:44.01149+00	145	Austria - 2 GROSCHEN - 1975	1	[{"added": {}}]	11	1
292	2024-09-03 11:10:45.112944+00	146	Austria - 10 GROSCHEN - 1971	1	[{"added": {}}]	11	1
293	2024-09-03 11:12:39.234394+00	147	Austria - 50 GROSCHEN - 1961	1	[{"added": {}}]	11	1
294	2024-09-03 13:22:12.372007+00	37	D-1-1	1	[{"added": {}}]	9	1
295	2024-09-03 13:22:16.810148+00	148	Yugoslavia - 100 DINARA - 1987	1	[{"added": {}}]	11	1
296	2024-09-03 13:24:57.201208+00	13	Yugoslavia (Federal Republic)	1	[{"added": {}}]	14	1
297	2024-09-03 13:27:06.996812+00	149	Yugoslavia - 50 PARA - 1994	1	[{"added": {}}]	11	1
298	2024-09-03 13:29:30.170991+00	38	D-1-2	1	[{"added": {}}]	9	1
299	2024-09-03 13:29:39.627388+00	150	Yugoslavia - 5 DINARA - 1972	1	[{"added": {}}]	11	1
300	2024-09-03 13:31:45.08548+00	151	Yugoslavia - 1 DINAR - 1974	1	[{"added": {}}]	11	1
301	2024-09-03 13:34:51.539989+00	152	Spain - PESETA "82" - 1980	1	[{"added": {}}]	11	1
302	2024-09-03 13:52:41.883147+00	39	D-1-3	1	[{"added": {}}]	9	1
303	2024-09-03 13:52:53.295113+00	153	Spain - 25 PESETAS "80" - 1975	1	[{"added": {}}]	11	1
304	2024-09-03 13:55:06.253206+00	154	Spain - 5 PESETAS "77" - 1975	1	[{"added": {}}]	11	1
305	2024-09-03 13:57:48.146772+00	155	Spain - PESETA - 1953	1	[{"added": {}}]	11	1
306	2024-09-03 14:00:25.481447+00	156	Spain - 5 PESETAS "65" - 1957	1	[{"added": {}}]	11	1
307	2024-09-03 14:04:10.195463+00	157	Spain - 5 PESETAS "65" - 1957	1	[{"added": {}}]	11	1
\.


--
-- Data for Name: django_content_type; Type: TABLE DATA; Schema: public; Owner: danyil
--

COPY public.django_content_type (id, app_label, model) FROM stdin;
1	admin	logentry
2	auth	permission
3	auth	group
4	auth	user
5	contenttypes	contenttype
6	sessions	session
7	coins	message
8	coins	offer
9	coins	box
10	coins	userprofile
11	coins	coin
12	coins	multioffer
13	coins	continent
14	coins	country
\.


--
-- Data for Name: django_migrations; Type: TABLE DATA; Schema: public; Owner: danyil
--

COPY public.django_migrations (id, app, name, applied) FROM stdin;
1	contenttypes	0001_initial	2024-09-01 08:58:23.977355+00
2	auth	0001_initial	2024-09-01 08:58:25.798586+00
3	admin	0001_initial	2024-09-01 08:58:26.235849+00
4	admin	0002_logentry_remove_auto_add	2024-09-01 08:58:26.293666+00
5	admin	0003_logentry_add_action_flag_choices	2024-09-01 08:58:26.352942+00
6	contenttypes	0002_remove_content_type_name	2024-09-01 08:58:26.411873+00
7	auth	0002_alter_permission_name_max_length	2024-09-01 08:58:26.450452+00
8	auth	0003_alter_user_email_max_length	2024-09-01 08:58:26.510694+00
9	auth	0004_alter_user_username_opts	2024-09-01 08:58:26.548385+00
10	auth	0005_alter_user_last_login_null	2024-09-01 08:58:26.612755+00
11	auth	0006_require_contenttypes_0002	2024-09-01 08:58:26.64425+00
12	auth	0007_alter_validators_add_error_messages	2024-09-01 08:58:26.699896+00
13	auth	0008_alter_user_username_max_length	2024-09-01 08:58:26.832267+00
14	auth	0009_alter_user_last_name_max_length	2024-09-01 08:58:26.907505+00
15	auth	0010_alter_group_name_max_length	2024-09-01 08:58:26.999768+00
16	auth	0011_update_proxy_permissions	2024-09-01 08:58:27.061492+00
17	auth	0012_alter_user_first_name_max_length	2024-09-01 08:58:27.123792+00
18	sessions	0001_initial	2024-09-01 08:58:27.456552+00
19	coins	0001_initial	2024-09-01 09:05:38.196506+00
\.


--
-- Data for Name: django_session; Type: TABLE DATA; Schema: public; Owner: danyil
--

COPY public.django_session (session_key, session_data, expire_date) FROM stdin;
0zxgnev3ul7mjq3248rjat8h22gpyokv	.eJxVjMsOwiAQRf-FtSEwQxFcuu83kJkySNXQpI-V8d-1SRe6veec-1KJtrWmbZE5jVldlFWn341peEjbQb5Tu016mNo6j6x3RR900f2U5Xk93L-DSkv91kTREoF0AbqM4MGVgkYiEIpDi9EZkxmLgbMTZBs4OPZd9MhsAaJ6fwDQQjb5:1skgqE:_tiSSA037f3weah83K0z7C7edXf-fLaewQIXqAbcm3I	2024-09-15 09:25:50.709125+00
qflrp53rroilplvgnk64856lpxcfah8c	.eJxVjMsOwiAQRf-FtSEwQxFcuu83kJkySNXQpI-V8d-1SRe6veec-1KJtrWmbZE5jVldlFWn341peEjbQb5Tu016mNo6j6x3RR900f2U5Xk93L-DSkv91kTREoF0AbqM4MGVgkYiEIpDi9EZkxmLgbMTZBs4OPZd9MhsAaJ6fwDQQjb5:1skhxl:jkfCn22U_LaJqJN5O9_1oJFjG8F9fCZ3gaYzi-VVva4	2024-09-15 10:37:41.641623+00
\.


--
-- Name: auth_group_id_seq; Type: SEQUENCE SET; Schema: public; Owner: danyil
--

SELECT pg_catalog.setval('public.auth_group_id_seq', 1, false);


--
-- Name: auth_group_permissions_id_seq; Type: SEQUENCE SET; Schema: public; Owner: danyil
--

SELECT pg_catalog.setval('public.auth_group_permissions_id_seq', 1, false);


--
-- Name: auth_permission_id_seq; Type: SEQUENCE SET; Schema: public; Owner: danyil
--

SELECT pg_catalog.setval('public.auth_permission_id_seq', 56, true);


--
-- Name: auth_user_groups_id_seq; Type: SEQUENCE SET; Schema: public; Owner: danyil
--

SELECT pg_catalog.setval('public.auth_user_groups_id_seq', 1, false);


--
-- Name: auth_user_id_seq; Type: SEQUENCE SET; Schema: public; Owner: danyil
--

SELECT pg_catalog.setval('public.auth_user_id_seq', 1, true);


--
-- Name: auth_user_user_permissions_id_seq; Type: SEQUENCE SET; Schema: public; Owner: danyil
--

SELECT pg_catalog.setval('public.auth_user_user_permissions_id_seq', 1, false);


--
-- Name: coins_box_id_seq; Type: SEQUENCE SET; Schema: public; Owner: danyil
--

SELECT pg_catalog.setval('public.coins_box_id_seq', 39, true);


--
-- Name: coins_coin_id_seq; Type: SEQUENCE SET; Schema: public; Owner: danyil
--

SELECT pg_catalog.setval('public.coins_coin_id_seq', 157, true);


--
-- Name: coins_continent_id_seq; Type: SEQUENCE SET; Schema: public; Owner: danyil
--

SELECT pg_catalog.setval('public.coins_continent_id_seq', 1, true);


--
-- Name: coins_country_id_seq; Type: SEQUENCE SET; Schema: public; Owner: danyil
--

SELECT pg_catalog.setval('public.coins_country_id_seq', 13, true);


--
-- Name: coins_message_id_seq; Type: SEQUENCE SET; Schema: public; Owner: danyil
--

SELECT pg_catalog.setval('public.coins_message_id_seq', 1, false);


--
-- Name: coins_multioffer_coins_to_get_id_seq; Type: SEQUENCE SET; Schema: public; Owner: danyil
--

SELECT pg_catalog.setval('public.coins_multioffer_coins_to_get_id_seq', 1, false);


--
-- Name: coins_multioffer_coins_to_give_id_seq; Type: SEQUENCE SET; Schema: public; Owner: danyil
--

SELECT pg_catalog.setval('public.coins_multioffer_coins_to_give_id_seq', 1, false);


--
-- Name: coins_multioffer_id_seq; Type: SEQUENCE SET; Schema: public; Owner: danyil
--

SELECT pg_catalog.setval('public.coins_multioffer_id_seq', 1, false);


--
-- Name: coins_offer_id_seq; Type: SEQUENCE SET; Schema: public; Owner: danyil
--

SELECT pg_catalog.setval('public.coins_offer_id_seq', 1, false);


--
-- Name: coins_userprofile_id_seq; Type: SEQUENCE SET; Schema: public; Owner: danyil
--

SELECT pg_catalog.setval('public.coins_userprofile_id_seq', 1, false);


--
-- Name: django_admin_log_id_seq; Type: SEQUENCE SET; Schema: public; Owner: danyil
--

SELECT pg_catalog.setval('public.django_admin_log_id_seq', 307, true);


--
-- Name: django_content_type_id_seq; Type: SEQUENCE SET; Schema: public; Owner: danyil
--

SELECT pg_catalog.setval('public.django_content_type_id_seq', 14, true);


--
-- Name: django_migrations_id_seq; Type: SEQUENCE SET; Schema: public; Owner: danyil
--

SELECT pg_catalog.setval('public.django_migrations_id_seq', 19, true);


--
-- Name: auth_group auth_group_name_key; Type: CONSTRAINT; Schema: public; Owner: danyil
--

ALTER TABLE ONLY public.auth_group
    ADD CONSTRAINT auth_group_name_key UNIQUE (name);


--
-- Name: auth_group_permissions auth_group_permissions_group_id_permission_id_0cd325b0_uniq; Type: CONSTRAINT; Schema: public; Owner: danyil
--

ALTER TABLE ONLY public.auth_group_permissions
    ADD CONSTRAINT auth_group_permissions_group_id_permission_id_0cd325b0_uniq UNIQUE (group_id, permission_id);


--
-- Name: auth_group_permissions auth_group_permissions_pkey; Type: CONSTRAINT; Schema: public; Owner: danyil
--

ALTER TABLE ONLY public.auth_group_permissions
    ADD CONSTRAINT auth_group_permissions_pkey PRIMARY KEY (id);


--
-- Name: auth_group auth_group_pkey; Type: CONSTRAINT; Schema: public; Owner: danyil
--

ALTER TABLE ONLY public.auth_group
    ADD CONSTRAINT auth_group_pkey PRIMARY KEY (id);


--
-- Name: auth_permission auth_permission_content_type_id_codename_01ab375a_uniq; Type: CONSTRAINT; Schema: public; Owner: danyil
--

ALTER TABLE ONLY public.auth_permission
    ADD CONSTRAINT auth_permission_content_type_id_codename_01ab375a_uniq UNIQUE (content_type_id, codename);


--
-- Name: auth_permission auth_permission_pkey; Type: CONSTRAINT; Schema: public; Owner: danyil
--

ALTER TABLE ONLY public.auth_permission
    ADD CONSTRAINT auth_permission_pkey PRIMARY KEY (id);


--
-- Name: auth_user_groups auth_user_groups_pkey; Type: CONSTRAINT; Schema: public; Owner: danyil
--

ALTER TABLE ONLY public.auth_user_groups
    ADD CONSTRAINT auth_user_groups_pkey PRIMARY KEY (id);


--
-- Name: auth_user_groups auth_user_groups_user_id_group_id_94350c0c_uniq; Type: CONSTRAINT; Schema: public; Owner: danyil
--

ALTER TABLE ONLY public.auth_user_groups
    ADD CONSTRAINT auth_user_groups_user_id_group_id_94350c0c_uniq UNIQUE (user_id, group_id);


--
-- Name: auth_user auth_user_pkey; Type: CONSTRAINT; Schema: public; Owner: danyil
--

ALTER TABLE ONLY public.auth_user
    ADD CONSTRAINT auth_user_pkey PRIMARY KEY (id);


--
-- Name: auth_user_user_permissions auth_user_user_permissions_pkey; Type: CONSTRAINT; Schema: public; Owner: danyil
--

ALTER TABLE ONLY public.auth_user_user_permissions
    ADD CONSTRAINT auth_user_user_permissions_pkey PRIMARY KEY (id);


--
-- Name: auth_user_user_permissions auth_user_user_permissions_user_id_permission_id_14a6b632_uniq; Type: CONSTRAINT; Schema: public; Owner: danyil
--

ALTER TABLE ONLY public.auth_user_user_permissions
    ADD CONSTRAINT auth_user_user_permissions_user_id_permission_id_14a6b632_uniq UNIQUE (user_id, permission_id);


--
-- Name: auth_user auth_user_username_key; Type: CONSTRAINT; Schema: public; Owner: danyil
--

ALTER TABLE ONLY public.auth_user
    ADD CONSTRAINT auth_user_username_key UNIQUE (username);


--
-- Name: coins_box coins_box_name_key; Type: CONSTRAINT; Schema: public; Owner: danyil
--

ALTER TABLE ONLY public.coins_box
    ADD CONSTRAINT coins_box_name_key UNIQUE (name);


--
-- Name: coins_box coins_box_pkey; Type: CONSTRAINT; Schema: public; Owner: danyil
--

ALTER TABLE ONLY public.coins_box
    ADD CONSTRAINT coins_box_pkey PRIMARY KEY (id);


--
-- Name: coins_coin coins_coin_pkey; Type: CONSTRAINT; Schema: public; Owner: danyil
--

ALTER TABLE ONLY public.coins_coin
    ADD CONSTRAINT coins_coin_pkey PRIMARY KEY (id);


--
-- Name: coins_continent coins_continent_name_key; Type: CONSTRAINT; Schema: public; Owner: danyil
--

ALTER TABLE ONLY public.coins_continent
    ADD CONSTRAINT coins_continent_name_key UNIQUE (name);


--
-- Name: coins_continent coins_continent_pkey; Type: CONSTRAINT; Schema: public; Owner: danyil
--

ALTER TABLE ONLY public.coins_continent
    ADD CONSTRAINT coins_continent_pkey PRIMARY KEY (id);


--
-- Name: coins_country coins_country_name_key; Type: CONSTRAINT; Schema: public; Owner: danyil
--

ALTER TABLE ONLY public.coins_country
    ADD CONSTRAINT coins_country_name_key UNIQUE (name);


--
-- Name: coins_country coins_country_pkey; Type: CONSTRAINT; Schema: public; Owner: danyil
--

ALTER TABLE ONLY public.coins_country
    ADD CONSTRAINT coins_country_pkey PRIMARY KEY (id);


--
-- Name: coins_message coins_message_pkey; Type: CONSTRAINT; Schema: public; Owner: danyil
--

ALTER TABLE ONLY public.coins_message
    ADD CONSTRAINT coins_message_pkey PRIMARY KEY (id);


--
-- Name: coins_multioffer_coins_to_give coins_multioffer_coins_t_multioffer_id_coin_id_1eae32c9_uniq; Type: CONSTRAINT; Schema: public; Owner: danyil
--

ALTER TABLE ONLY public.coins_multioffer_coins_to_give
    ADD CONSTRAINT coins_multioffer_coins_t_multioffer_id_coin_id_1eae32c9_uniq UNIQUE (multioffer_id, coin_id);


--
-- Name: coins_multioffer_coins_to_get coins_multioffer_coins_t_multioffer_id_coin_id_b6978e67_uniq; Type: CONSTRAINT; Schema: public; Owner: danyil
--

ALTER TABLE ONLY public.coins_multioffer_coins_to_get
    ADD CONSTRAINT coins_multioffer_coins_t_multioffer_id_coin_id_b6978e67_uniq UNIQUE (multioffer_id, coin_id);


--
-- Name: coins_multioffer_coins_to_get coins_multioffer_coins_to_get_pkey; Type: CONSTRAINT; Schema: public; Owner: danyil
--

ALTER TABLE ONLY public.coins_multioffer_coins_to_get
    ADD CONSTRAINT coins_multioffer_coins_to_get_pkey PRIMARY KEY (id);


--
-- Name: coins_multioffer_coins_to_give coins_multioffer_coins_to_give_pkey; Type: CONSTRAINT; Schema: public; Owner: danyil
--

ALTER TABLE ONLY public.coins_multioffer_coins_to_give
    ADD CONSTRAINT coins_multioffer_coins_to_give_pkey PRIMARY KEY (id);


--
-- Name: coins_multioffer coins_multioffer_pkey; Type: CONSTRAINT; Schema: public; Owner: danyil
--

ALTER TABLE ONLY public.coins_multioffer
    ADD CONSTRAINT coins_multioffer_pkey PRIMARY KEY (id);


--
-- Name: coins_offer coins_offer_pkey; Type: CONSTRAINT; Schema: public; Owner: danyil
--

ALTER TABLE ONLY public.coins_offer
    ADD CONSTRAINT coins_offer_pkey PRIMARY KEY (id);


--
-- Name: coins_userprofile coins_userprofile_pkey; Type: CONSTRAINT; Schema: public; Owner: danyil
--

ALTER TABLE ONLY public.coins_userprofile
    ADD CONSTRAINT coins_userprofile_pkey PRIMARY KEY (id);


--
-- Name: coins_userprofile coins_userprofile_user_id_key; Type: CONSTRAINT; Schema: public; Owner: danyil
--

ALTER TABLE ONLY public.coins_userprofile
    ADD CONSTRAINT coins_userprofile_user_id_key UNIQUE (user_id);


--
-- Name: django_admin_log django_admin_log_pkey; Type: CONSTRAINT; Schema: public; Owner: danyil
--

ALTER TABLE ONLY public.django_admin_log
    ADD CONSTRAINT django_admin_log_pkey PRIMARY KEY (id);


--
-- Name: django_content_type django_content_type_app_label_model_76bd3d3b_uniq; Type: CONSTRAINT; Schema: public; Owner: danyil
--

ALTER TABLE ONLY public.django_content_type
    ADD CONSTRAINT django_content_type_app_label_model_76bd3d3b_uniq UNIQUE (app_label, model);


--
-- Name: django_content_type django_content_type_pkey; Type: CONSTRAINT; Schema: public; Owner: danyil
--

ALTER TABLE ONLY public.django_content_type
    ADD CONSTRAINT django_content_type_pkey PRIMARY KEY (id);


--
-- Name: django_migrations django_migrations_pkey; Type: CONSTRAINT; Schema: public; Owner: danyil
--

ALTER TABLE ONLY public.django_migrations
    ADD CONSTRAINT django_migrations_pkey PRIMARY KEY (id);


--
-- Name: django_session django_session_pkey; Type: CONSTRAINT; Schema: public; Owner: danyil
--

ALTER TABLE ONLY public.django_session
    ADD CONSTRAINT django_session_pkey PRIMARY KEY (session_key);


--
-- Name: auth_group_name_a6ea08ec_like; Type: INDEX; Schema: public; Owner: danyil
--

CREATE INDEX auth_group_name_a6ea08ec_like ON public.auth_group USING btree (name varchar_pattern_ops);


--
-- Name: auth_group_permissions_group_id_b120cbf9; Type: INDEX; Schema: public; Owner: danyil
--

CREATE INDEX auth_group_permissions_group_id_b120cbf9 ON public.auth_group_permissions USING btree (group_id);


--
-- Name: auth_group_permissions_permission_id_84c5c92e; Type: INDEX; Schema: public; Owner: danyil
--

CREATE INDEX auth_group_permissions_permission_id_84c5c92e ON public.auth_group_permissions USING btree (permission_id);


--
-- Name: auth_permission_content_type_id_2f476e4b; Type: INDEX; Schema: public; Owner: danyil
--

CREATE INDEX auth_permission_content_type_id_2f476e4b ON public.auth_permission USING btree (content_type_id);


--
-- Name: auth_user_groups_group_id_97559544; Type: INDEX; Schema: public; Owner: danyil
--

CREATE INDEX auth_user_groups_group_id_97559544 ON public.auth_user_groups USING btree (group_id);


--
-- Name: auth_user_groups_user_id_6a12ed8b; Type: INDEX; Schema: public; Owner: danyil
--

CREATE INDEX auth_user_groups_user_id_6a12ed8b ON public.auth_user_groups USING btree (user_id);


--
-- Name: auth_user_user_permissions_permission_id_1fbb5f2c; Type: INDEX; Schema: public; Owner: danyil
--

CREATE INDEX auth_user_user_permissions_permission_id_1fbb5f2c ON public.auth_user_user_permissions USING btree (permission_id);


--
-- Name: auth_user_user_permissions_user_id_a95ead1b; Type: INDEX; Schema: public; Owner: danyil
--

CREATE INDEX auth_user_user_permissions_user_id_a95ead1b ON public.auth_user_user_permissions USING btree (user_id);


--
-- Name: auth_user_username_6821ab7c_like; Type: INDEX; Schema: public; Owner: danyil
--

CREATE INDEX auth_user_username_6821ab7c_like ON public.auth_user USING btree (username varchar_pattern_ops);


--
-- Name: coins_box_name_cfddd326_like; Type: INDEX; Schema: public; Owner: danyil
--

CREATE INDEX coins_box_name_cfddd326_like ON public.coins_box USING btree (name varchar_pattern_ops);


--
-- Name: coins_coin_box_id_6fe0ecba; Type: INDEX; Schema: public; Owner: danyil
--

CREATE INDEX coins_coin_box_id_6fe0ecba ON public.coins_coin USING btree (box_id);


--
-- Name: coins_coin_country_id_93aff9e3; Type: INDEX; Schema: public; Owner: danyil
--

CREATE INDEX coins_coin_country_id_93aff9e3 ON public.coins_coin USING btree (country_id);


--
-- Name: coins_coin_owner_id_3704cf38; Type: INDEX; Schema: public; Owner: danyil
--

CREATE INDEX coins_coin_owner_id_3704cf38 ON public.coins_coin USING btree (owner_id);


--
-- Name: coins_continent_name_ab554d89_like; Type: INDEX; Schema: public; Owner: danyil
--

CREATE INDEX coins_continent_name_ab554d89_like ON public.coins_continent USING btree (name varchar_pattern_ops);


--
-- Name: coins_country_continent_id_0a7f6f2d; Type: INDEX; Schema: public; Owner: danyil
--

CREATE INDEX coins_country_continent_id_0a7f6f2d ON public.coins_country USING btree (continent_id);


--
-- Name: coins_country_name_2dd662ec_like; Type: INDEX; Schema: public; Owner: danyil
--

CREATE INDEX coins_country_name_2dd662ec_like ON public.coins_country USING btree (name varchar_pattern_ops);


--
-- Name: coins_message_author_id_30bdf56e; Type: INDEX; Schema: public; Owner: danyil
--

CREATE INDEX coins_message_author_id_30bdf56e ON public.coins_message USING btree (author_id);


--
-- Name: coins_message_recipient_id_175f8348; Type: INDEX; Schema: public; Owner: danyil
--

CREATE INDEX coins_message_recipient_id_175f8348 ON public.coins_message USING btree (recipient_id);


--
-- Name: coins_multioffer_author_id_631831b9; Type: INDEX; Schema: public; Owner: danyil
--

CREATE INDEX coins_multioffer_author_id_631831b9 ON public.coins_multioffer USING btree (author_id);


--
-- Name: coins_multioffer_coins_to_get_coin_id_a65f37db; Type: INDEX; Schema: public; Owner: danyil
--

CREATE INDEX coins_multioffer_coins_to_get_coin_id_a65f37db ON public.coins_multioffer_coins_to_get USING btree (coin_id);


--
-- Name: coins_multioffer_coins_to_get_multioffer_id_d318eaf0; Type: INDEX; Schema: public; Owner: danyil
--

CREATE INDEX coins_multioffer_coins_to_get_multioffer_id_d318eaf0 ON public.coins_multioffer_coins_to_get USING btree (multioffer_id);


--
-- Name: coins_multioffer_coins_to_give_coin_id_7156046e; Type: INDEX; Schema: public; Owner: danyil
--

CREATE INDEX coins_multioffer_coins_to_give_coin_id_7156046e ON public.coins_multioffer_coins_to_give USING btree (coin_id);


--
-- Name: coins_multioffer_coins_to_give_multioffer_id_a7683508; Type: INDEX; Schema: public; Owner: danyil
--

CREATE INDEX coins_multioffer_coins_to_give_multioffer_id_a7683508 ON public.coins_multioffer_coins_to_give USING btree (multioffer_id);


--
-- Name: coins_multioffer_responder_id_0e4fcc0d; Type: INDEX; Schema: public; Owner: danyil
--

CREATE INDEX coins_multioffer_responder_id_0e4fcc0d ON public.coins_multioffer USING btree (responder_id);


--
-- Name: coins_offer_author_id_d36c2f45; Type: INDEX; Schema: public; Owner: danyil
--

CREATE INDEX coins_offer_author_id_d36c2f45 ON public.coins_offer USING btree (author_id);


--
-- Name: coins_offer_coin_to_get_id_26731789; Type: INDEX; Schema: public; Owner: danyil
--

CREATE INDEX coins_offer_coin_to_get_id_26731789 ON public.coins_offer USING btree (coin_to_get_id);


--
-- Name: coins_offer_coin_to_give_id_b14e10ed; Type: INDEX; Schema: public; Owner: danyil
--

CREATE INDEX coins_offer_coin_to_give_id_b14e10ed ON public.coins_offer USING btree (coin_to_give_id);


--
-- Name: coins_offer_responder_id_9016f6fe; Type: INDEX; Schema: public; Owner: danyil
--

CREATE INDEX coins_offer_responder_id_9016f6fe ON public.coins_offer USING btree (responder_id);


--
-- Name: django_admin_log_content_type_id_c4bce8eb; Type: INDEX; Schema: public; Owner: danyil
--

CREATE INDEX django_admin_log_content_type_id_c4bce8eb ON public.django_admin_log USING btree (content_type_id);


--
-- Name: django_admin_log_user_id_c564eba6; Type: INDEX; Schema: public; Owner: danyil
--

CREATE INDEX django_admin_log_user_id_c564eba6 ON public.django_admin_log USING btree (user_id);


--
-- Name: django_session_expire_date_a5c62663; Type: INDEX; Schema: public; Owner: danyil
--

CREATE INDEX django_session_expire_date_a5c62663 ON public.django_session USING btree (expire_date);


--
-- Name: django_session_session_key_c0390e0f_like; Type: INDEX; Schema: public; Owner: danyil
--

CREATE INDEX django_session_session_key_c0390e0f_like ON public.django_session USING btree (session_key varchar_pattern_ops);


--
-- Name: auth_group_permissions auth_group_permissio_permission_id_84c5c92e_fk_auth_perm; Type: FK CONSTRAINT; Schema: public; Owner: danyil
--

ALTER TABLE ONLY public.auth_group_permissions
    ADD CONSTRAINT auth_group_permissio_permission_id_84c5c92e_fk_auth_perm FOREIGN KEY (permission_id) REFERENCES public.auth_permission(id) DEFERRABLE INITIALLY DEFERRED;


--
-- Name: auth_group_permissions auth_group_permissions_group_id_b120cbf9_fk_auth_group_id; Type: FK CONSTRAINT; Schema: public; Owner: danyil
--

ALTER TABLE ONLY public.auth_group_permissions
    ADD CONSTRAINT auth_group_permissions_group_id_b120cbf9_fk_auth_group_id FOREIGN KEY (group_id) REFERENCES public.auth_group(id) DEFERRABLE INITIALLY DEFERRED;


--
-- Name: auth_permission auth_permission_content_type_id_2f476e4b_fk_django_co; Type: FK CONSTRAINT; Schema: public; Owner: danyil
--

ALTER TABLE ONLY public.auth_permission
    ADD CONSTRAINT auth_permission_content_type_id_2f476e4b_fk_django_co FOREIGN KEY (content_type_id) REFERENCES public.django_content_type(id) DEFERRABLE INITIALLY DEFERRED;


--
-- Name: auth_user_groups auth_user_groups_group_id_97559544_fk_auth_group_id; Type: FK CONSTRAINT; Schema: public; Owner: danyil
--

ALTER TABLE ONLY public.auth_user_groups
    ADD CONSTRAINT auth_user_groups_group_id_97559544_fk_auth_group_id FOREIGN KEY (group_id) REFERENCES public.auth_group(id) DEFERRABLE INITIALLY DEFERRED;


--
-- Name: auth_user_groups auth_user_groups_user_id_6a12ed8b_fk_auth_user_id; Type: FK CONSTRAINT; Schema: public; Owner: danyil
--

ALTER TABLE ONLY public.auth_user_groups
    ADD CONSTRAINT auth_user_groups_user_id_6a12ed8b_fk_auth_user_id FOREIGN KEY (user_id) REFERENCES public.auth_user(id) DEFERRABLE INITIALLY DEFERRED;


--
-- Name: auth_user_user_permissions auth_user_user_permi_permission_id_1fbb5f2c_fk_auth_perm; Type: FK CONSTRAINT; Schema: public; Owner: danyil
--

ALTER TABLE ONLY public.auth_user_user_permissions
    ADD CONSTRAINT auth_user_user_permi_permission_id_1fbb5f2c_fk_auth_perm FOREIGN KEY (permission_id) REFERENCES public.auth_permission(id) DEFERRABLE INITIALLY DEFERRED;


--
-- Name: auth_user_user_permissions auth_user_user_permissions_user_id_a95ead1b_fk_auth_user_id; Type: FK CONSTRAINT; Schema: public; Owner: danyil
--

ALTER TABLE ONLY public.auth_user_user_permissions
    ADD CONSTRAINT auth_user_user_permissions_user_id_a95ead1b_fk_auth_user_id FOREIGN KEY (user_id) REFERENCES public.auth_user(id) DEFERRABLE INITIALLY DEFERRED;


--
-- Name: coins_coin coins_coin_box_id_6fe0ecba_fk_coins_box_id; Type: FK CONSTRAINT; Schema: public; Owner: danyil
--

ALTER TABLE ONLY public.coins_coin
    ADD CONSTRAINT coins_coin_box_id_6fe0ecba_fk_coins_box_id FOREIGN KEY (box_id) REFERENCES public.coins_box(id) DEFERRABLE INITIALLY DEFERRED;


--
-- Name: coins_coin coins_coin_country_id_93aff9e3_fk_coins_country_id; Type: FK CONSTRAINT; Schema: public; Owner: danyil
--

ALTER TABLE ONLY public.coins_coin
    ADD CONSTRAINT coins_coin_country_id_93aff9e3_fk_coins_country_id FOREIGN KEY (country_id) REFERENCES public.coins_country(id) DEFERRABLE INITIALLY DEFERRED;


--
-- Name: coins_coin coins_coin_owner_id_3704cf38_fk_auth_user_id; Type: FK CONSTRAINT; Schema: public; Owner: danyil
--

ALTER TABLE ONLY public.coins_coin
    ADD CONSTRAINT coins_coin_owner_id_3704cf38_fk_auth_user_id FOREIGN KEY (owner_id) REFERENCES public.auth_user(id) DEFERRABLE INITIALLY DEFERRED;


--
-- Name: coins_country coins_country_continent_id_0a7f6f2d_fk_coins_continent_id; Type: FK CONSTRAINT; Schema: public; Owner: danyil
--

ALTER TABLE ONLY public.coins_country
    ADD CONSTRAINT coins_country_continent_id_0a7f6f2d_fk_coins_continent_id FOREIGN KEY (continent_id) REFERENCES public.coins_continent(id) DEFERRABLE INITIALLY DEFERRED;


--
-- Name: coins_message coins_message_author_id_30bdf56e_fk_auth_user_id; Type: FK CONSTRAINT; Schema: public; Owner: danyil
--

ALTER TABLE ONLY public.coins_message
    ADD CONSTRAINT coins_message_author_id_30bdf56e_fk_auth_user_id FOREIGN KEY (author_id) REFERENCES public.auth_user(id) DEFERRABLE INITIALLY DEFERRED;


--
-- Name: coins_message coins_message_recipient_id_175f8348_fk_auth_user_id; Type: FK CONSTRAINT; Schema: public; Owner: danyil
--

ALTER TABLE ONLY public.coins_message
    ADD CONSTRAINT coins_message_recipient_id_175f8348_fk_auth_user_id FOREIGN KEY (recipient_id) REFERENCES public.auth_user(id) DEFERRABLE INITIALLY DEFERRED;


--
-- Name: coins_multioffer coins_multioffer_author_id_631831b9_fk_auth_user_id; Type: FK CONSTRAINT; Schema: public; Owner: danyil
--

ALTER TABLE ONLY public.coins_multioffer
    ADD CONSTRAINT coins_multioffer_author_id_631831b9_fk_auth_user_id FOREIGN KEY (author_id) REFERENCES public.auth_user(id) DEFERRABLE INITIALLY DEFERRED;


--
-- Name: coins_multioffer_coins_to_give coins_multioffer_coi_coin_id_7156046e_fk_coins_coi; Type: FK CONSTRAINT; Schema: public; Owner: danyil
--

ALTER TABLE ONLY public.coins_multioffer_coins_to_give
    ADD CONSTRAINT coins_multioffer_coi_coin_id_7156046e_fk_coins_coi FOREIGN KEY (coin_id) REFERENCES public.coins_coin(id) DEFERRABLE INITIALLY DEFERRED;


--
-- Name: coins_multioffer_coins_to_give coins_multioffer_coi_multioffer_id_a7683508_fk_coins_mul; Type: FK CONSTRAINT; Schema: public; Owner: danyil
--

ALTER TABLE ONLY public.coins_multioffer_coins_to_give
    ADD CONSTRAINT coins_multioffer_coi_multioffer_id_a7683508_fk_coins_mul FOREIGN KEY (multioffer_id) REFERENCES public.coins_multioffer(id) DEFERRABLE INITIALLY DEFERRED;


--
-- Name: coins_multioffer_coins_to_get coins_multioffer_coi_multioffer_id_d318eaf0_fk_coins_mul; Type: FK CONSTRAINT; Schema: public; Owner: danyil
--

ALTER TABLE ONLY public.coins_multioffer_coins_to_get
    ADD CONSTRAINT coins_multioffer_coi_multioffer_id_d318eaf0_fk_coins_mul FOREIGN KEY (multioffer_id) REFERENCES public.coins_multioffer(id) DEFERRABLE INITIALLY DEFERRED;


--
-- Name: coins_multioffer_coins_to_get coins_multioffer_coins_to_get_coin_id_a65f37db_fk_coins_coin_id; Type: FK CONSTRAINT; Schema: public; Owner: danyil
--

ALTER TABLE ONLY public.coins_multioffer_coins_to_get
    ADD CONSTRAINT coins_multioffer_coins_to_get_coin_id_a65f37db_fk_coins_coin_id FOREIGN KEY (coin_id) REFERENCES public.coins_coin(id) DEFERRABLE INITIALLY DEFERRED;


--
-- Name: coins_multioffer coins_multioffer_responder_id_0e4fcc0d_fk_auth_user_id; Type: FK CONSTRAINT; Schema: public; Owner: danyil
--

ALTER TABLE ONLY public.coins_multioffer
    ADD CONSTRAINT coins_multioffer_responder_id_0e4fcc0d_fk_auth_user_id FOREIGN KEY (responder_id) REFERENCES public.auth_user(id) DEFERRABLE INITIALLY DEFERRED;


--
-- Name: coins_offer coins_offer_author_id_d36c2f45_fk_auth_user_id; Type: FK CONSTRAINT; Schema: public; Owner: danyil
--

ALTER TABLE ONLY public.coins_offer
    ADD CONSTRAINT coins_offer_author_id_d36c2f45_fk_auth_user_id FOREIGN KEY (author_id) REFERENCES public.auth_user(id) DEFERRABLE INITIALLY DEFERRED;


--
-- Name: coins_offer coins_offer_coin_to_get_id_26731789_fk_coins_coin_id; Type: FK CONSTRAINT; Schema: public; Owner: danyil
--

ALTER TABLE ONLY public.coins_offer
    ADD CONSTRAINT coins_offer_coin_to_get_id_26731789_fk_coins_coin_id FOREIGN KEY (coin_to_get_id) REFERENCES public.coins_coin(id) DEFERRABLE INITIALLY DEFERRED;


--
-- Name: coins_offer coins_offer_coin_to_give_id_b14e10ed_fk_coins_coin_id; Type: FK CONSTRAINT; Schema: public; Owner: danyil
--

ALTER TABLE ONLY public.coins_offer
    ADD CONSTRAINT coins_offer_coin_to_give_id_b14e10ed_fk_coins_coin_id FOREIGN KEY (coin_to_give_id) REFERENCES public.coins_coin(id) DEFERRABLE INITIALLY DEFERRED;


--
-- Name: coins_offer coins_offer_responder_id_9016f6fe_fk_auth_user_id; Type: FK CONSTRAINT; Schema: public; Owner: danyil
--

ALTER TABLE ONLY public.coins_offer
    ADD CONSTRAINT coins_offer_responder_id_9016f6fe_fk_auth_user_id FOREIGN KEY (responder_id) REFERENCES public.auth_user(id) DEFERRABLE INITIALLY DEFERRED;


--
-- Name: coins_userprofile coins_userprofile_user_id_7949fe61_fk_auth_user_id; Type: FK CONSTRAINT; Schema: public; Owner: danyil
--

ALTER TABLE ONLY public.coins_userprofile
    ADD CONSTRAINT coins_userprofile_user_id_7949fe61_fk_auth_user_id FOREIGN KEY (user_id) REFERENCES public.auth_user(id) DEFERRABLE INITIALLY DEFERRED;


--
-- Name: django_admin_log django_admin_log_content_type_id_c4bce8eb_fk_django_co; Type: FK CONSTRAINT; Schema: public; Owner: danyil
--

ALTER TABLE ONLY public.django_admin_log
    ADD CONSTRAINT django_admin_log_content_type_id_c4bce8eb_fk_django_co FOREIGN KEY (content_type_id) REFERENCES public.django_content_type(id) DEFERRABLE INITIALLY DEFERRED;


--
-- Name: django_admin_log django_admin_log_user_id_c564eba6_fk_auth_user_id; Type: FK CONSTRAINT; Schema: public; Owner: danyil
--

ALTER TABLE ONLY public.django_admin_log
    ADD CONSTRAINT django_admin_log_user_id_c564eba6_fk_auth_user_id FOREIGN KEY (user_id) REFERENCES public.auth_user(id) DEFERRABLE INITIALLY DEFERRED;


--
-- PostgreSQL database dump complete
--

